mode,max_score,classifier_weight,gd_weight,prior_weight,AW-MAE,MAE_raw_component,exact_acc,outcome_acc,goal_diff_acc
classifier_aware,4,0.75,0.1,0.06,2.9825615375092593,1.0226580350342727,0.09958111195734957,0.5919649657273419,0.2303884234577304
classifier_aware,4,0.5,0.0,0.01,2.9827349035037067,1.022880172632648,0.10008885503935008,0.5900609291698401,0.23311754252348313
classifier_aware,4,0.5,0.0,0.0,2.9833582314641554,1.0235465854277734,0.0997080477278497,0.5903782685960903,0.23305407463823305
classifier_aware,4,0.5,0.0,0.06,2.983372205973813,1.0211982736735212,0.10104087331810103,0.5879030210713379,0.23362528560548362
classifier_aware,4,0.5,0.03,0.06,2.9837225033431496,1.0208809342472709,0.1012947448591013,0.5874587458745875,0.2338156892612338
classifier_aware,4,0.5,0.0,0.03,2.98482598548591,1.022911906575273,0.09958111195734957,0.588981975120589,0.2322924600152323
classifier_aware,4,0.5,0.1,0.06,2.986057080033213,1.0193577050012694,0.10066006600660066,0.5858720487433359,0.23216552424473216
classifier_aware,4,0.75,0.06,0.06,2.9868806787924083,1.0242129982228991,0.09977151561309977,0.5917745620715917,0.23051535922823052
classifier_aware,4,0.5,0.06,0.06,2.9873364265719244,1.0205635948210205,0.1012947448591013,0.5868875349073369,0.2333079461792333
classifier_aware,4,0.75,0.1,0.03,2.9873924895101696,1.024149530337649,0.0992003046458492,0.5917110941863417,0.2291825336379792
classifier_aware,5,0.75,0.1,0.06,2.987832570318388,1.023990860624524,0.09786747905559787,0.5919649657273419,0.2284209190149784
classifier_aware,4,0.5,0.03,0.03,2.9880077531219196,1.0221502919522722,0.10072353389185072,0.5883472962680883,0.232990606752983
classifier_aware,4,0.75,0.0,0.06,2.9880137537664626,1.0254188880426505,0.10002538715410003,0.5930439197765931,0.23172124904798172
classifier_aware,4,0.5,0.03,0.01,2.9881322932355383,1.022975374460523,0.10040619446560041,0.5892993145468393,0.23292713886773292
classifier_aware,5,0.5,0.03,0.06,2.9884890735086804,1.021832952526022,0.09951764407209952,0.5874587458745875,0.2319116527037319
classifier_aware,4,0.75,0.1,0.01,2.9886540185547106,1.0249111449606498,0.09894643310484895,0.5922823051535923,0.2291190657527291
classifier_aware,4,0.5,0.06,0.0,2.9886846819536146,1.0224676313785224,0.10027925869510028,0.5888550393500889,0.2322924600152323
classifier_aware,5,0.5,0.0,0.06,2.9888182042330493,1.0224676313785224,0.09913683676059913,0.5879030210713379,0.23165778116273167
classifier_aware,4,0.75,0.03,0.03,2.988861232185746,1.0257044935262758,0.09983498349834984,0.5931708555470931,0.23089616653973088
classifier_aware,4,0.35,0.0,0.06,2.9888861220664413,1.0185643564356435,0.10148514851485149,0.5816831683168316,0.23584666158923584
classifier_aware,4,0.75,0.03,0.06,2.9892483284216036,1.0251332825590251,0.09996191926884997,0.5922823051535923,0.23134044173648133
classifier_aware,4,0.5,0.1,0.03,2.9893646278408235,1.020976136075146,0.10027925869510028,0.587014470677837,0.23197512058898198
classifier_aware,4,0.5,0.03,0.0,2.9895185229147345,1.0238321909113988,0.09996191926884997,0.5895531860878396,0.23273673521198274
classifier_aware,4,0.5,0.06,0.03,2.9895500236085963,1.0216425488702716,0.10053313023610053,0.5873952779893374,0.23248286367098248
classifier_aware,4,0.5,0.06,0.01,2.989603254063673,1.0221502919522722,0.10040619446560041,0.5882838283828383,0.23222899212998224
classifier_aware,4,0.75,0.1,0.0,2.989873333677052,1.0254506219852755,0.09875602944909875,0.5925361766945926,0.22930946940847932
classifier_aware,4,0.75,0.06,0.03,2.9899883188742544,1.0255140898705255,0.09964457984259964,0.5925996445798426,0.23051535922823052
classifier_aware,5,0.5,0.0,0.01,2.9901321274651407,1.0246890073622748,0.0978040111703478,0.5900609291698401,0.23045189134298044
classifier_aware,5,0.5,0.0,0.0,2.9904090694674745,1.0252284843869002,0.09748667174409749,0.5903782685960903,0.23032495557248034
classifier_aware,4,0.75,0.06,0.0,2.990488613215485,1.0262439705509012,0.09926377253109926,0.5933612592028433,0.22994414826097995
classifier_aware,4,0.5,0.1,0.0,2.990571238587307,1.021928154353897,0.09983498349834984,0.587966488956588,0.23178471693323177
classifier_aware,4,0.35,0.0,0.03,2.990803799248667,1.0202779893373952,0.10053313023610053,0.5826986544808327,0.23413302868748415
classifier_aware,5,0.5,0.0,0.03,2.9908730296475814,1.0242447321655241,0.09774054328509774,0.588981975120589,0.23007108403148008
classifier_aware,4,0.5,0.1,0.01,2.990947956551697,1.0216425488702716,0.09996191926884997,0.5873952779893374,0.23146737750698146
classifier_aware,5,0.5,0.1,0.06,2.9913281128423415,1.0206905305915206,0.09894643310484895,0.5858720487433359,0.2301980198019802
classifier_aware,4,0.75,0.06,0.01,2.9914165810690436,1.0258314292967758,0.09945417618684946,0.5925996445798426,0.22988068037572987
classifier_aware,4,0.35,0.0,0.0,2.992068537195316,1.0211348057882712,0.1011043412033511,0.5845392231530845,0.23483117542523482
classifier_aware,4,0.75,0.0,0.03,2.9920892937325516,1.0272911906575273,0.0985021579080985,0.5932977913175933,0.22994414826097995
classifier_aware,4,0.35,0.0,0.01,2.9921263293751723,1.0206587966488956,0.1011043412033511,0.5836506727595836,0.23464077176948464
classifier_aware,4,0.35,0.03,0.03,2.9921325322863863,1.0192625031733942,0.10116780908860117,0.5821274435135821,0.2348946433104849
classifier_aware,5,0.75,0.06,0.06,2.992487039440967,1.0255140898705255,0.0978040111703478,0.5917745620715917,0.2284209190149784
classifier_aware,4,0.75,0.03,0.01,2.992640597257046,1.026973851231277,0.09939070830159939,0.5933612592028433,0.23032495557248034
classifier_aware,5,0.5,0.06,0.06,2.9929427872204832,1.021864686468647,0.09932724041634933,0.5868875349073369,0.23121350596598123
classifier_aware,5,0.75,0.1,0.03,2.993382071234365,1.0256092916984005,0.09755013962934755,0.5917110941863417,0.22753236862147752
classifier_aware,5,0.75,0.0,0.06,2.993459752025699,1.0266882457476516,0.09812135059659813,0.5930439197765931,0.22975374460522976
classifier_aware,5,0.75,0.03,0.06,2.9940148985871344,1.0260853008377762,0.09818481848184818,0.5922823051535923,0.22943640517897942
classifier_aware,5,0.35,0.0,0.06,2.9943321203256783,1.0198337141406448,0.09958111195734957,0.5816831683168316,0.23387915714648388
classifier_aware,4,0.35,0.06,0.01,2.9944374038338526,1.0193894389438944,0.10085046966235085,0.582000507743082,0.23413302868748415
classifier_aware,4,0.75,0.0,0.01,2.994656174753125,1.0276402640264026,0.09881949733434882,0.5931708555470931,0.22988068037572987
classifier_aware,5,0.5,0.03,0.03,2.9947597840393874,1.0236735211982737,0.09881949733434882,0.5883472962680883,0.23083269865448083
classifier_aware,4,0.35,0.03,0.06,2.9947828174462443,1.0187547600913938,0.10135821274435136,0.58003300330033,0.23514851485148514
classifier_aware,5,0.5,0.03,0.01,2.9949089119202608,1.0245938055343995,0.0985021579080985,0.5892993145468393,0.23076923076923078
classifier_aware,4,0.35,0.03,0.01,2.9949600809221355,1.0202145214521452,0.10104087331810103,0.5826351865955827,0.2345138359989845
classifier_aware,4,0.75,0.03,0.0,2.994967627596294,1.0276719979690276,0.09888296521959888,0.592980451891343,0.22969027671997969
classifier_aware,4,0.35,0.06,0.0,2.995160406924027,1.0199289159685199,0.10078700177710079,0.5825082508250825,0.2341964965727342
classifier_aware,4,0.35,0.06,0.03,2.9952000025273935,1.0187864940340188,0.10104087331810103,0.5806676821528307,0.23425996445798425
classifier_aware,5,0.5,0.1,0.03,2.995354209565018,1.0224358974358974,0.09862909367859862,0.587014470677837,0.23032495557248034
classifier_aware,5,0.5,0.06,0.03,2.995425416657577,1.023038842345773,0.09869256156384869,0.5873952779893374,0.23051535922823052
classifier_aware,5,0.75,0.1,0.01,2.995436377707451,1.0266882457476516,0.09704239654734705,0.5922823051535923,0.2272150291952272
classifier_aware,5,0.5,0.06,0.0,2.9954825117591,1.0242764661081494,0.09831175425234831,0.5888550393500889,0.23026148768723026
classifier_aware,5,0.75,0.03,0.03,2.9956132631032144,1.0272277227722773,0.09793094694084793,0.5931708555470931,0.22873825844122875
classifier_aware,4,0.35,0.06,0.06,2.995635543668044,1.0178027418126427,0.10154861640010154,0.5791444529068291,0.2345138359989845
classifier_aware,5,0.75,0.06,0.03,2.9958637119232354,1.026910383346027,0.0978040111703478,0.5925996445798426,0.22854785478547854
classifier_aware,4,0.35,0.03,0.0,2.9963508518692508,1.0211030718456462,0.10085046966235085,0.5833968012185834,0.2345138359989845
classifier_aware,5,0.5,0.06,0.01,2.996355973025306,1.0238956587966488,0.0985021579080985,0.5882838283828383,0.23026148768723026
classifier_aware,5,0.5,0.03,0.0,2.996846787853897,1.0257362274689008,0.09793094694084793,0.5895531860878396,0.23051535922823052
classifier_aware,5,0.35,0.0,0.03,2.9968508434103382,1.0216108149276466,0.09869256156384869,0.5826986544808327,0.2319116527037319
classifier_aware,5,0.75,0.1,0.0,2.9969531245813226,1.0274181264280273,0.09678852500634678,0.5925361766945926,0.22740543285097742
classifier_aware,4,0.75,0.0,0.0,2.9971454705239173,1.0282749428789033,0.0985021579080985,0.5929169840060929,0.2291825336379792
classifier_aware,5,0.75,0.06,0.0,2.997286443020971,1.028052805280528,0.09729626808834729,0.5933612592028433,0.2279131759329779
classifier_aware,5,0.5,0.1,0.0,2.9976510294915775,1.0238956587966488,0.09786747905559787,0.587966488956588,0.22988068037572987
classifier_aware,5,0.5,0.1,0.01,2.997730315704437,1.0234196496572734,0.09805788271134806,0.5873952779893374,0.22956334094947956
classifier_aware,4,0.35,0.1,0.01,2.997773905854432,1.0185643564356435,0.10085046966235085,0.5807946179233308,0.23356181772023357
classifier_aware,5,0.75,0.0,0.03,2.9981363378942234,1.0286240162477787,0.09666158923584667,0.5932977913175933,0.22772277227722773
classifier_aware,5,0.75,0.06,0.01,2.9981693000306766,1.0275767961411526,0.09755013962934755,0.5925996445798426,0.2279131759329779
classifier_aware,4,0.35,0.1,0.0,2.9988024605779433,1.0191038334602691,0.10034272658035034,0.5807946179233308,0.2334983498349835
classifier_aware,4,0.35,0.1,0.03,2.9988546829318574,1.018120081238893,0.10085046966235085,0.5794617923330795,0.23305407463823305
classifier_aware,5,0.35,0.03,0.03,2.998884563203854,1.0207857324193959,0.09926377253109926,0.5821274435135821,0.23273673521198274
classifier_aware,5,0.35,0.0,0.0,2.9991193751986356,1.0228167047473977,0.09888296521959888,0.5845392231530845,0.2321020563594821
classifier_aware,4,0.35,0.1,0.06,2.9991820833555205,1.0172632647880173,0.10072353389185072,0.5780654988575781,0.23311754252348313
classifier_aware,5,0.75,0.03,0.01,2.9994172159417682,1.0285922823051536,0.09748667174409749,0.5933612592028433,0.22816704747397817
classifier_aware,5,0.35,0.0,0.01,2.999523553336607,1.0224676313785224,0.09881949733434882,0.5836506727595836,0.23197512058898198
classifier_aware,5,0.35,0.03,0.06,2.999549387611775,1.0197067783701448,0.09958111195734957,0.58003300330033,0.23324447829398323
classifier_aware,5,0.35,0.06,0.03,3.0010753955763745,1.0201827875095202,0.0992003046458492,0.5806676821528307,0.2322924600152323
classifier_aware,5,0.35,0.06,0.01,3.0011901227954865,1.0211348057882712,0.09894643310484895,0.582000507743082,0.23216552424473216
classifier_aware,5,0.35,0.06,0.06,3.0012419043166023,1.0191038334602691,0.09958111195734957,0.5791444529068291,0.23241939578573242
classifier_aware,5,0.35,0.03,0.01,3.001736699606858,1.021832952526022,0.09913683676059913,0.5826351865955827,0.23235592790048235
classifier_aware,5,0.35,0.06,0.0,3.001958236729513,1.0217377506981467,0.09881949733434882,0.5825082508250825,0.23216552424473216
classifier_aware,5,0.75,0.0,0.01,3.0020533987145592,1.0294490987560294,0.09653465346534654,0.5931708555470931,0.2272150291952272
classifier_aware,5,0.75,0.03,0.0,3.0022958925354564,1.0295760345265297,0.09685199289159685,0.592980451891343,0.22746890073622747
classifier_aware,5,0.35,0.03,0.0,3.003679116808413,1.023007108403148,0.09881949733434882,0.5833968012185834,0.2322924600152323
classifier_aware,5,0.75,0.0,0.0,3.0041963085272365,1.02995684183803,0.09628078192434628,0.5929169840060929,0.22645341457222645
classifier_aware,5,0.35,0.1,0.06,3.004453116164649,1.0185960903782687,0.09900990099009901,0.5780654988575781,0.23115003808073115
classifier_aware,5,0.35,0.1,0.01,3.0045562650071718,1.0203414572226452,0.09894643310484895,0.5807946179233308,0.23165778116273167
classifier_aware,5,0.35,0.1,0.03,3.0048442646560525,1.0195798425996445,0.0992003046458492,0.5794617923330795,0.2314039096217314
classifier_aware,5,0.35,0.1,0.0,3.005882251482214,1.0210713379030212,0.09837522213759838,0.5807946179233308,0.2315943132774816
classifier_aware,4,0.2,0.0,0.0,3.00874387966961,1.0178344757552678,0.10097740543285098,0.5727341964965728,0.23495811119573495
classifier_aware,4,0.2,0.0,0.01,3.0092365410456714,1.0172315308453923,0.10123127697385123,0.5720995176440721,0.23514851485148514
classifier_aware,4,0.2,0.0,0.03,3.009972950616374,1.0165016501650166,0.10097740543285098,0.570957095709571,0.23445036811373446
classifier_aware,4,0.2,0.03,0.01,3.0119817053981786,1.0174536684437674,0.10091393754760092,0.5715283066768215,0.2347042396547347
classifier_aware,4,0.2,0.0,0.06,3.0121947265805415,1.015898705255141,0.10231023102310231,0.5693069306930693,0.23597359735973597
classifier_aware,4,0.2,0.03,0.03,3.01302876039521,1.0163429804518913,0.10167555217060167,0.5702589489718203,0.23502157908098503
classifier_aware,4,0.2,0.03,0.0,3.013056168775968,1.018151815181518,0.10066006600660066,0.5718456461030719,0.2345138359989845
classifier_aware,4,0.2,0.06,0.03,3.013276570943379,1.0163429804518913,0.10104087331810103,0.5698146737750698,0.23438690022848438
classifier_aware,4,0.2,0.1,0.03,3.013785431835047,1.0155178979436406,0.10066006600660066,0.5687991876110688,0.23267326732673269
classifier_aware,4,0.2,0.06,0.01,3.013903461007677,1.017136329017517,0.10085046966235085,0.5708936278243208,0.23406956080223407
classifier_aware,4,0.2,0.1,0.06,3.0143166722784125,1.0146293475501396,0.1011043412033511,0.5674663620208175,0.232990606752983
classifier_aware,4,0.2,0.06,0.0,3.015541960358773,1.017897943640518,0.10034272658035034,0.571020563594821,0.23368875349073367
classifier_aware,4,0.2,0.06,0.06,3.015671599627421,1.0153592282305153,0.10135821274435136,0.5672759583650673,0.23387915714648388
classifier_aware,4,0.2,0.03,0.06,3.0157899722360724,1.016025641025641,0.10186595582635187,0.5681010408733181,0.23508504696623508
classifier_aware,5,0.2,0.0,0.0,3.0157947176729296,1.0195163747143945,0.09875602944909875,0.5727341964965728,0.23222899212998224
classifier_aware,5,0.2,0.0,0.03,3.0160199947780457,1.0178344757552678,0.09913683676059913,0.570957095709571,0.23222899212998224
classifier_aware,5,0.2,0.0,0.01,3.0166337650071062,1.019040365575019,0.09894643310484895,0.5720995176440721,0.23248286367098248
classifier_aware,4,0.2,0.1,0.01,3.0173014136267073,1.017041127189642,0.10002538715410003,0.5693069306930693,0.23254633155623256
classifier_aware,5,0.2,0.0,0.06,3.0176407248397785,1.017168062960142,0.10040619446560041,0.5693069306930693,0.23400609291698402
classifier_aware,4,0.2,0.1,0.0,3.0185233227476322,1.0174854023863924,0.09964457984259964,0.5694338664635694,0.23235592790048235
classifier_aware,5,0.2,0.03,0.01,3.018758324082901,1.019072099517644,0.09900990099009901,0.5715283066768215,0.23254633155623256
classifier_aware,5,0.2,0.06,0.03,3.01915196399236,1.0177392739273927,0.0992003046458492,0.5698146737750698,0.23241939578573242
classifier_aware,5,0.2,0.1,0.06,3.0195877050875413,1.015962173140391,0.09939070830159939,0.5674663620208175,0.23102310231023102
classifier_aware,5,0.2,0.1,0.03,3.0197750135592427,1.016977659304392,0.09900990099009901,0.5687991876110688,0.23102310231023102
classifier_aware,5,0.2,0.03,0.03,3.0197807913126784,1.0178662096978928,0.09977151561309977,0.5702589489718203,0.23286367098248287
classifier_aware,5,0.2,0.03,0.0,3.020384433715131,1.0200558517390201,0.09862909367859862,0.5718456461030719,0.2322924600152323
classifier_aware,5,0.2,0.03,0.06,3.0205565424016037,1.016977659304392,0.10008885503935008,0.5681010408733181,0.23318101040873318
classifier_aware,5,0.2,0.06,0.01,3.0206561799693095,1.0188816958618938,0.09894643310484895,0.5708936278243208,0.2321020563594821
classifier_aware,5,0.2,0.06,0.06,3.0212779602759796,1.0166603198781416,0.09939070830159939,0.5672759583650673,0.23178471693323177
classifier_aware,5,0.2,0.06,0.0,3.0223397901642586,1.0197067783701448,0.09837522213759838,0.571020563594821,0.23165778116273167
classifier_aware,5,0.2,0.1,0.01,3.024083772779447,1.0188182279766438,0.09812135059659813,0.5693069306930693,0.23064229499873065
classifier_aware,5,0.2,0.1,0.0,3.025603113651903,1.0194529068291445,0.09767707539984767,0.5694338664635694,0.23045189134298044
classifier_aware,4,0.1,0.1,0.01,3.03275559629284,1.0147562833206398,0.10211982736735212,0.5611830413810612,0.23311754252348313
classifier_aware,4,0.1,0.1,0.03,3.0329999432750014,1.0138359989845138,0.10269103833460269,0.5604848946433105,0.23311754252348313
classifier_aware,4,0.1,0.06,0.0,3.0331832640798897,1.0155496318862656,0.1018024879411018,0.5610561056105611,0.23324447829398323
classifier_aware,4,0.1,0.1,0.06,3.0332110427668355,1.0132965219598884,0.10243716679360244,0.5588347296268088,0.23324447829398323
classifier_aware,4,0.1,0.06,0.03,3.0337561137535882,1.0149149530337649,0.10237369890835238,0.56010408733181,0.23394262503173394
classifier_aware,4,0.1,0.06,0.01,3.0338573011693524,1.0148514851485149,0.10243716679360244,0.5604848946433105,0.23337141406448336
classifier_aware,4,0.1,0.1,0.0,3.0342748876564882,1.0157400355420156,0.10116780908860117,0.5613734450368114,0.23305407463823305
classifier_aware,4,0.1,0.0,0.06,3.035283717625642,1.0140581365828891,0.10269103833460269,0.5577557755775577,0.2357197258187357
classifier_aware,4,0.1,0.0,0.0,3.0354926448463484,1.0165651180502666,0.10154861640010154,0.5606118304138106,0.23413302868748415
classifier_aware,4,0.1,0.03,0.06,3.035616900401085,1.0144706778370145,0.10281797410510282,0.5582000507743082,0.2355927900482356
classifier_aware,4,0.1,0.0,0.01,3.0357939949665647,1.0161525767961412,0.1018024879411018,0.56004061944656,0.23413302868748415
classifier_aware,4,0.1,0.03,0.0,3.036295990303466,1.0164064483371413,0.10167555217060167,0.5604848946433105,0.23324447829398323
classifier_aware,4,0.1,0.06,0.06,3.0364725237226793,1.0143437420665145,0.10294490987560294,0.5583269865448083,0.2348946433104849
classifier_aware,4,0.1,0.03,0.03,3.036598906250916,1.0153592282305153,0.10269103833460269,0.5594059405940595,0.23476770753998477
classifier_aware,4,0.1,0.0,0.03,3.0367643079023576,1.0162160446813913,0.10154861640010154,0.5595328763645595,0.23438690022848438
classifier_aware,4,0.1,0.03,0.01,3.0368323976060765,1.015993907083016,0.10199289159685199,0.5596598121350597,0.2333079461792333
classifier_aware,5,0.1,0.1,0.06,3.038482075575964,1.0146293475501396,0.10072353389185072,0.5588347296268088,0.23127697385123128
classifier_aware,5,0.1,0.1,0.03,3.038989524999197,1.0152957603452653,0.10104087331810103,0.5604848946433105,0.23146737750698146
classifier_aware,5,0.1,0.1,0.01,3.0395379554455793,1.0165333841076416,0.10021579080985021,0.5611830413810612,0.23121350596598123
classifier_aware,5,0.1,0.06,0.03,3.039631506802569,1.0163112465092663,0.10053313023610053,0.56010408733181,0.23197512058898198
classifier_aware,5,0.1,0.06,0.0,3.0399810938853746,1.0173584666158924,0.09983498349834984,0.5610561056105611,0.23121350596598123
classifier_aware,5,0.1,0.03,0.06,3.040383470566616,1.0154226961157655,0.10104087331810103,0.5582000507743082,0.23368875349073367
classifier_aware,5,0.1,0.06,0.01,3.040610020130986,1.0165968519928916,0.10053313023610053,0.5604848946433105,0.2314039096217314
classifier_aware,5,0.1,0.0,0.06,3.040729715884879,1.0153274942878903,0.10078700177710079,0.5577557755775577,0.23375222137598375
classifier_aware,5,0.1,0.1,0.0,3.0413546785607584,1.0177075399847677,0.0992003046458492,0.5613734450368114,0.23115003808073115
classifier_aware,5,0.1,0.06,0.06,3.042078884371238,1.0156448337141406,0.10097740543285098,0.5583269865448083,0.2328002030972328
classifier_aware,5,0.1,0.0,0.0,3.0425434828496676,1.0182470170093934,0.09932724041634933,0.5606118304138106,0.2314039096217314
classifier_aware,5,0.1,0.0,0.03,3.04281135206403,1.0175488702716426,0.0997080477278497,0.5595328763645595,0.23216552424473216
classifier_aware,5,0.1,0.0,0.01,3.0431912189279995,1.017961411525768,0.09951764407209952,0.56004061944656,0.23146737750698146
classifier_aware,4,0.05,0.1,0.01,3.043346654492996,1.0144389438943895,0.10231023102310231,0.5562325463315563,0.2333079461792333
classifier_aware,5,0.1,0.03,0.03,3.043350937168384,1.016882457476517,0.10078700177710079,0.5594059405940595,0.2326097994414826
classifier_aware,4,0.05,0.0,0.06,3.0435305451130525,1.0123445036811374,0.10351612084285351,0.5518532622493019,0.23654480832698654
classifier_aware,5,0.1,0.03,0.01,3.0436090162907985,1.0176123381568927,0.10008885503935008,0.5596598121350597,0.23115003808073115
classifier_aware,5,0.1,0.03,0.0,3.0436242552426287,1.0183104848946434,0.09964457984259964,0.5604848946433105,0.23102310231023102
classifier_aware,4,0.05,0.1,0.03,3.043640620110674,1.0136455953287637,0.10256410256410256,0.5550901243970551,0.23337141406448336
classifier_aware,4,0.05,0.1,0.0,3.0440775129967728,1.0151688245747652,0.10199289159685199,0.5567402894135567,0.23343488194973344
classifier_aware,4,0.05,0.06,0.01,3.0451948767106005,1.0146293475501396,0.10243716679360244,0.555026656511805,0.23356181772023357
classifier_aware,4,0.05,0.03,0.01,3.0456466538830353,1.0148514851485149,0.1025006346788525,0.5545823813150546,0.23425996445798425
classifier_aware,4,0.05,0.0,0.01,3.0459205950216255,1.0148514851485149,0.10199289159685199,0.5535668951510536,0.23394262503173394
classifier_aware,4,0.05,0.06,0.0,3.045922331090155,1.0154226961157655,0.10218329525260218,0.5555978674790556,0.23368875349073367
classifier_aware,4,0.05,0.06,0.06,3.045947835564703,1.0126301091647627,0.10357958872810358,0.5528052805280528,0.23476770753998477
classifier_aware,4,0.05,0.1,0.06,3.046040331663818,1.0124397055090124,0.10262757044935263,0.5528687484133029,0.232990606752983
classifier_aware,4,0.05,0.03,0.03,3.046093761029127,1.0136773292713888,0.10313531353135313,0.5531860878395531,0.23445036811373446
classifier_aware,4,0.05,0.0,0.03,3.046209695744882,1.013994668697639,0.10224676313785225,0.5526148768723026,0.23400609291698402
classifier_aware,4,0.05,0.03,0.06,3.046285249413399,1.0128205128205128,0.10370652449860371,0.552043665905052,0.2355927900482356
classifier_aware,4,0.05,0.0,0.0,3.046845934214259,1.0154226961157655,0.1018024879411018,0.553947702462554,0.2334983498349835
classifier_aware,4,0.05,0.03,0.0,3.0469111908062456,1.0156448337141406,0.10237369890835238,0.5549631886265549,0.23400609291698402
classifier_aware,4,0.05,0.06,0.03,3.0469458643638596,1.0135186595582635,0.10294490987560294,0.5532495557248033,0.23337141406448336
classifier_aware,5,0.05,0.0,0.06,3.048976543372289,1.0136138613861385,0.10161208428535161,0.5518532622493019,0.2345773038842346
classifier_aware,5,0.05,0.1,0.03,3.049630201834869,1.0151053566895152,0.10091393754760092,0.5550901243970551,0.23172124904798172
classifier_aware,5,0.05,0.1,0.01,3.0501290136457357,1.0162160446813913,0.10040619446560041,0.5562325463315563,0.2314039096217314
classifier_aware,5,0.05,0.03,0.06,3.0510518195789293,1.0137725310992638,0.10192942371160194,0.552043665905052,0.23368875349073367
classifier_aware,5,0.05,0.1,0.0,3.051157303901044,1.017136329017517,0.10002538715410003,0.5567402894135567,0.23153084539223154
classifier_aware,5,0.05,0.1,0.06,3.051311364472947,1.0137725310992638,0.10091393754760092,0.5528687484133029,0.23102310231023102
classifier_aware,5,0.05,0.06,0.06,3.0515541962132624,1.0139312008123889,0.10161208428535161,0.5528052805280528,0.23267326732673269
classifier_aware,5,0.05,0.06,0.01,3.0519475956722335,1.0163747143945163,0.10053313023610053,0.555026656511805,0.2315943132774816
classifier_aware,5,0.05,0.0,0.03,3.0522567399065537,1.0153274942878903,0.10040619446560041,0.5526148768723026,0.23178471693323177
classifier_aware,5,0.05,0.03,0.01,3.0524232725677574,1.0164699162223916,0.10059659812135059,0.5545823813150546,0.2321020563594821
classifier_aware,5,0.05,0.06,0.0,3.0527201608956407,1.0172315308453923,0.10021579080985021,0.5555978674790556,0.23165778116273167
classifier_aware,5,0.05,0.06,0.03,3.05282125741284,1.0149149530337649,0.1011043412033511,0.5532495557248033,0.2314039096217314
classifier_aware,5,0.05,0.03,0.03,3.0528457919465954,1.0152005585173902,0.10123127697385123,0.5531860878395531,0.2322924600152323
classifier_aware,5,0.05,0.0,0.01,3.05331781898306,1.0166603198781416,0.0997080477278497,0.5535668951510536,0.23127697385123128
classifier_aware,5,0.05,0.0,0.0,3.0538967722175783,1.017104595074892,0.09958111195734957,0.553947702462554,0.23076923076923078
classifier_aware,5,0.05,0.03,0.0,3.0542394557454084,1.0175488702716426,0.10034272658035034,0.5549631886265549,0.23178471693323177
classifier_aware,4,0.0,0.0,0.0,3.054943869878199,1.0132647880172632,0.103008377760853,0.5489337395277989,0.2354023863924854
classifier_aware,4,0.0,0.1,0.01,3.0550973171254836,1.0132013201320131,0.10281797410510282,0.5506473724295506,0.23400609291698402
classifier_aware,4,0.0,0.03,0.0,3.055151584878956,1.0138359989845138,0.10351612084285351,0.5501396293475501,0.23591012947448592
classifier_aware,4,0.0,0.06,0.01,3.0554033053312666,1.013106118304138,0.10357958872810358,0.55001269357705,0.23527545062198527
classifier_aware,4,0.0,0.1,0.03,3.055519300902542,1.0122810357958874,0.10351612084285351,0.55001269357705,0.2345138359989845
classifier_aware,4,0.0,0.06,0.0,3.055614083987777,1.0135503935008885,0.10345265295760345,0.5503935008885504,0.23502157908098503
classifier_aware,4,0.0,0.03,0.01,3.055841475357024,1.013106118304138,0.10389692815435389,0.5493780147245494,0.23616400101548615
classifier_aware,4,0.0,0.0,0.01,3.056810736294338,1.0129157146483878,0.10307184564610307,0.547918253363798,0.23552932216298553
classifier_aware,4,0.0,0.1,0.0,3.0571756193620887,1.0139629347550139,0.10237369890835238,0.551028179741051,0.23400609291698402
classifier_aware,4,0.0,0.1,0.06,3.057544835486375,1.0107260726072607,0.10396039603960396,0.5485529322162985,0.2348946433104849
classifier_aware,4,0.0,0.06,0.03,3.058200699507953,1.0123762376237624,0.10370652449860371,0.5483625285605483,0.2354023863924854
classifier_aware,4,0.0,0.03,0.03,3.058395596137956,1.012058898197512,0.10389692815435389,0.5476643818227976,0.23616400101548615
classifier_aware,4,0.0,0.0,0.03,3.06016242330817,1.012122366082762,0.103008377760853,0.5463315562325464,0.23483117542523482
classifier_aware,4,0.0,0.06,0.06,3.060202267110994,1.0115828890581366,0.10383346026910384,0.5474105102817974,0.23629093678598628
classifier_aware,5,0.0,0.1,0.03,3.061508882626737,1.0137407971566388,0.10186595582635187,0.55001269357705,0.23286367098248287
classifier_aware,5,0.0,0.1,0.01,3.0618796762782234,1.014978420919015,0.10091393754760092,0.5506473724295506,0.2321020563594821
classifier_aware,5,0.0,0.0,0.0,3.0619947078815186,1.01494668697639,0.10078700177710079,0.5489337395277989,0.23267326732673269
classifier_aware,5,0.0,0.06,0.01,3.062156024292899,1.0148514851485149,0.10167555217060167,0.55001269357705,0.2333079461792333
classifier_aware,5,0.0,0.06,0.0,3.062411913793263,1.0153592282305153,0.10148514851485149,0.5503935008885504,0.232990606752983
classifier_aware,4,0.0,0.0,0.06,3.0624192974395634,1.0107260726072607,0.10421426758060422,0.5446179233307946,0.23629093678598628
classifier_aware,5,0.0,0.03,0.0,3.062479849818118,1.0157400355420156,0.10148514851485149,0.5501396293475501,0.23368875349073367
classifier_aware,5,0.0,0.03,0.01,3.062618094041746,1.0147245493780148,0.10199289159685199,0.5493780147245494,0.23400609291698402
classifier_aware,4,0.0,0.03,0.06,3.06280433224973,1.0115194211728866,0.10389692815435389,0.546014216806296,0.2361005331302361
classifier_aware,5,0.0,0.1,0.06,3.062815868295503,1.012058898197512,0.10224676313785225,0.5485529322162985,0.23292713886773292
classifier_aware,5,0.0,0.06,0.03,3.0640760925569337,1.0137725310992638,0.10186595582635187,0.5483625285605483,0.23343488194973344
classifier_aware,5,0.0,0.0,0.01,3.0642079602557724,1.0147245493780148,0.10078700177710079,0.547918253363798,0.23286367098248287
classifier_aware,5,0.0,0.1,0.0,3.0642554102663593,1.015930439197766,0.10040619446560041,0.551028179741051,0.2321020563594821
classifier_aware,5,0.0,0.03,0.03,3.065147627055424,1.0135821274435135,0.10199289159685199,0.5476643818227976,0.23400609291698402
classifier_aware,5,0.0,0.06,0.06,3.065808627759553,1.0128839807057628,0.10186595582635187,0.5474105102817974,0.2341964965727342
classifier_aware,5,0.0,0.0,0.03,3.0662094674698412,1.0134551916730135,0.10116780908860117,0.5463315562325464,0.2326097994414826
classifier_aware,5,0.0,0.03,0.06,3.06757090241526,1.0124714394516374,0.10211982736735212,0.546014216806296,0.2341964965727342
classifier_aware,5,0.0,0.0,0.06,3.0678652956988,1.011995430312262,0.10231023102310231,0.5446179233307946,0.23432343234323433
