mode,max_score,lambda_blend,shared_lambda,classifier_power,prior_power,AW-MAE,MAE_raw_component,exact_acc,outcome_acc,goal_diff_acc
bivar_poisson_expected_awmae,4,1.0,0.15,0.0,0.0,2.9184656701776035,1.0064419903528814,0.11430566133536431,0.5912668189895912,0.23794110180248795
bivar_poisson_expected_awmae,4,1.0,0.06,0.0,0.0,2.918507935636766,1.0089172378776339,0.11449606499111449,0.5924727088093424,0.23927392739273928
bivar_poisson_expected_awmae,5,1.0,0.15,0.0,0.0,2.918640842038828,1.005077430820005,0.11259202843361259,0.5935516628585935,0.23527545062198527
bivar_poisson_expected_awmae,5,0.5,0.1,0.0,0.0,2.919488619622532,1.0042206143691292,0.11221122112211221,0.5894897182025894,0.23743335872048743
bivar_poisson_expected_awmae,5,0.75,0.15,0.0,0.0,2.9202379743436717,1.0041888804265042,0.11303630363036303,0.5913937547600914,0.2364813404417365
bivar_poisson_expected_awmae,4,0.75,0.15,0.0,0.0,2.920445827330062,1.0064737242955064,0.11424219345011424,0.5876491495303376,0.2395912668189896
bivar_poisson_expected_awmae,5,0.75,0.06,0.0,0.0,2.9205872747963935,1.0073940086316324,0.11202081746636203,0.5932343234323433,0.23629093678598628
bivar_poisson_expected_awmae,4,0.75,0.1,0.0,0.0,2.9206361588716003,1.0075209444021325,0.11436912922061437,0.5891089108910891,0.23946433104848946
bivar_poisson_expected_awmae,5,1.0,0.1,0.0,0.0,2.9213840268010536,1.0067910637217568,0.11144960649911145,0.5936151307438436,0.23413302868748415
bivar_poisson_expected_awmae,4,1.0,0.1,0.0,0.0,2.9215457158871176,1.0083460269103834,0.11424219345011424,0.5916476263010917,0.23825844122873827
bivar_poisson_expected_awmae,5,0.5,0.15,0.0,0.0,2.921958791819694,1.0029512566641279,0.11259202843361259,0.587014470677837,0.23673521198273673
bivar_poisson_expected_awmae,5,0.75,0.1,0.0,0.0,2.922485010431996,1.0063150545823814,0.11246509266311247,0.5922823051535923,0.23667174409748667
bivar_poisson_expected_awmae,4,1.0,0.03,0.0,0.0,2.922978412319538,1.0105039350088856,0.1137979182533638,0.5920919014978421,0.23787763391723787
bivar_poisson_expected_awmae,5,0.75,0.03,0.0,0.0,2.923259036101936,1.0086633663366336,0.11113226707286113,0.5931073876618431,0.23533891850723535
bivar_poisson_expected_awmae,4,0.75,0.06,0.0,0.0,2.923295835337154,1.0084412287382585,0.11436912922061437,0.5894262503173394,0.23895658796648897
bivar_poisson_expected_awmae,5,1.0,0.0,0.0,0.25,2.923776009589853,1.0097740543285099,0.11747905559786748,0.5898705255140899,0.24206651434374207
bivar_poisson_expected_awmae,5,1.0,0.03,0.0,0.25,2.9241192389275774,1.0090759075907592,0.11760599136836761,0.5893627824320894,0.24143183549124142
bivar_poisson_expected_awmae,4,0.75,0.03,0.0,0.0,2.9244186758064075,1.0096788525006346,0.11386138613861387,0.5900609291698401,0.2385123127697385
bivar_poisson_expected_awmae,4,1.0,0.0,0.0,0.0,2.9246085726862296,1.0112972835745113,0.1130997715156131,0.5922823051535923,0.23711601929423712
bivar_poisson_expected_awmae,5,1.0,0.06,0.0,0.0,2.9247437246997583,1.0083777608530085,0.11075145976136075,0.5932343234323433,0.23394262503173394
bivar_poisson_expected_awmae,5,1.0,0.0,0.0,0.0,2.9249406645879445,1.0094567149022595,0.10967250571210967,0.5937420665143437,0.23292713886773292
bivar_poisson_expected_awmae,4,0.75,0.0,0.0,0.0,2.924990039751703,1.010821274435136,0.11316323940086316,0.5906321401370906,0.2383853769992384
bivar_poisson_expected_awmae,5,0.75,0.0,0.0,0.0,2.925501243395277,1.0095836506727596,0.11100533130236101,0.5932977913175933,0.23483117542523482
bivar_poisson_expected_awmae,5,0.5,0.06,0.0,0.0,2.9255518218993783,1.0055851739020056,0.11246509266311247,0.5891723787763392,0.23673521198273673
bivar_poisson_expected_awmae,5,1.0,0.03,0.0,0.0,2.925748347302339,1.0092028433612592,0.11024371667936024,0.5932343234323433,0.23368875349073367
bivar_poisson_expected_awmae,5,1.0,0.15,0.0,0.25,2.92641937831114,1.0065054582381314,0.1184945417618685,0.5866971312515867,0.24105102817974106
bivar_poisson_expected_awmae,5,1.0,0.1,0.0,0.25,2.926724281628444,1.0080604214267581,0.11747905559786748,0.5880934247270881,0.24054328509774053
bivar_poisson_expected_awmae,5,0.5,0.03,0.0,0.0,2.926920969742631,1.007044935262757,0.11202081746636203,0.58999746128459,0.2364178725564864
bivar_poisson_expected_awmae,5,1.0,0.06,0.0,0.25,2.9280459698598276,1.0088220360497588,0.11697131251586697,0.5881568926123382,0.2400990099009901
bivar_poisson_expected_awmae,4,0.5,0.1,0.0,0.0,2.9282429447969425,1.006949733434882,0.11481340441736482,0.5845392231530845,0.24003554201574004
bivar_poisson_expected_awmae,4,0.5,0.06,0.0,0.0,2.9287667004660203,1.0086316323940085,0.11424219345011424,0.5858720487433359,0.23927392739273928
bivar_poisson_expected_awmae,5,0.5,0.0,0.0,0.0,2.929065604161003,1.0083777608530085,0.11151307438436152,0.5905686722518406,0.23584666158923584
bivar_poisson_expected_awmae,5,0.75,0.0,0.0,0.25,2.9298575994858864,1.0102817974105103,0.11741558771261741,0.5865701954810866,0.24105102817974106
bivar_poisson_expected_awmae,5,0.75,0.15,0.0,0.25,2.93156747482943,1.0068545316070068,0.119002284843869,0.5827621223660827,0.24105102817974106
bivar_poisson_expected_awmae,5,0.75,0.1,0.0,0.25,2.931854216228213,1.0091076415333842,0.11773292713886774,0.5841584158415841,0.2411779639502412
bivar_poisson_expected_awmae,4,0.5,0.15,0.0,0.0,2.9327638220168426,1.0066641279512567,0.11443259710586444,0.5816197004315816,0.23902005585173902
bivar_poisson_expected_awmae,5,0.25,0.03,0.0,0.0,2.932824706245621,1.0068862655496318,0.1137979182533638,0.5866336633663366,0.2376237623762376
bivar_poisson_expected_awmae,4,1.0,0.0,0.0,0.25,2.933404697571183,1.0143754760091395,0.11887534907336887,0.5886646356943387,0.24333587204874332
bivar_poisson_expected_awmae,4,1.0,0.0,0.5,0.25,2.9335637424901795,1.011043412033511,0.11202081746636203,0.5967885250063468,0.22245493780147246
bivar_poisson_expected_awmae,5,0.75,0.03,0.0,0.25,2.9340701769137287,1.010884742320386,0.11735211982736735,0.5856181772023357,0.24105102817974106
bivar_poisson_expected_awmae,5,1.0,0.0,0.5,0.25,2.9340750931707724,1.0084412287382585,0.11373445036811373,0.5979944148260979,0.22296268088347296
bivar_poisson_expected_awmae,5,0.75,0.0,0.5,0.25,2.9341591975559838,1.008980705762884,0.11506727595836506,0.5973597359735974,0.22435897435897437
bivar_poisson_expected_awmae,4,0.5,0.03,0.0,0.0,2.934362658008933,1.0103769992383853,0.11341711094186342,0.585998984513836,0.23775069814673774
bivar_poisson_expected_awmae,5,0.5,0.03,0.0,0.25,2.9346032862566345,1.0098057882711349,0.11893881695861894,0.5826351865955827,0.24314546839299314
bivar_poisson_expected_awmae,5,0.75,0.06,0.0,0.25,2.9349960334865717,1.0105039350088856,0.11747905559786748,0.585046966235085,0.2411779639502412
bivar_poisson_expected_awmae,4,1.0,0.03,0.0,0.25,2.935005236910955,1.0140898705255141,0.1188118811881188,0.5875856816450876,0.2430820005077431
bivar_poisson_expected_awmae,5,1.0,0.03,0.5,0.25,2.935163250095743,1.0086633663366336,0.11322670728611323,0.5972962680883473,0.2225818735719726
bivar_poisson_expected_awmae,5,0.25,0.06,0.0,0.0,2.935361501822205,1.0065689261233817,0.1137979182533638,0.5853643056613353,0.23787763391723787
bivar_poisson_expected_awmae,5,1.0,0.15,0.5,0.25,2.935589408052116,1.0075209444021325,0.1151942117288652,0.5961538461538461,0.2246128458999746
bivar_poisson_expected_awmae,5,0.25,0.0,0.0,0.0,2.935819095309522,1.007996953541508,0.11354404671236354,0.5866971312515867,0.23673521198273673
bivar_poisson_expected_awmae,5,0.5,0.06,0.0,0.25,2.935899694421749,1.0087903021071338,0.11951002792586951,0.5813658288905814,0.24244732165524244
bivar_poisson_expected_awmae,4,1.0,0.1,0.5,0.25,2.936296436627116,1.0104404671236353,0.11398832190911398,0.595963442498096,0.22404163493272405
bivar_poisson_expected_awmae,4,1.0,0.15,0.5,0.25,2.936457949136438,1.0091711094186342,0.1151942117288652,0.5956461030718456,0.22454937801472455
bivar_poisson_expected_awmae,5,0.25,0.1,0.0,0.0,2.9368766370125052,1.0057121096725057,0.11348057882711349,0.5835872048743336,0.23775069814673774
bivar_poisson_expected_awmae,5,0.5,0.0,0.0,0.25,2.936922453493003,1.011075145976136,0.11773292713886774,0.5831429296775832,0.2421934501142422
bivar_poisson_expected_awmae,4,0.5,0.0,0.0,0.0,2.937104774391189,1.0122810357958874,0.11297283574511298,0.5867605991368368,0.238004569687738
bivar_poisson_expected_awmae,4,0.75,0.0,0.5,0.25,2.9371650997608447,1.0114559532876364,0.11506727595836506,0.5965346534653465,0.2241051028179741
bivar_poisson_expected_awmae,5,0.25,0.15,0.0,0.0,2.937352263572816,1.0038080731150039,0.11278243208936278,0.5806676821528307,0.23591012947448592
bivar_poisson_expected_awmae,5,0.75,0.03,0.5,0.25,2.9374438200181423,1.009012439705509,0.11563848692561564,0.5966615892358467,0.2244859101294745
bivar_poisson_expected_awmae,5,0.75,0.06,0.5,0.25,2.937957750142125,1.008980705762884,0.11595582635186595,0.5964077176948465,0.2248032495557248
bivar_poisson_expected_awmae,4,1.0,0.03,0.5,0.25,2.938069995162059,1.011106879918761,0.11246509266311247,0.5961538461538461,0.22264534145722265
bivar_poisson_expected_awmae,4,1.0,0.06,0.5,0.25,2.9381592536390917,1.0114242193450114,0.11246509266311247,0.5961538461538461,0.2230896166539731
bivar_poisson_expected_awmae,5,1.0,0.06,0.5,0.25,2.93820447170262,1.0088855039350089,0.11329017517136329,0.5964077176948465,0.22283574511297283
bivar_poisson_expected_awmae,5,1.0,0.1,0.5,0.25,2.9382238655214103,1.0084094947956335,0.1137979182533638,0.5957730388423458,0.22302614876872304
bivar_poisson_expected_awmae,4,1.0,0.15,0.5,0.0,2.938734506129259,1.0087585681645088,0.11106879918761108,0.5962807819243463,0.22023356181772025
bivar_poisson_expected_awmae,4,1.0,0.15,0.0,0.25,2.9389138203781635,1.0122810357958874,0.11944656004061945,0.5847930946940848,0.24206651434374207
bivar_poisson_expected_awmae,4,1.0,0.1,0.0,0.25,2.9392509595542315,1.0134551916730135,0.1183041381061183,0.585998984513836,0.24174917491749176
bivar_poisson_expected_awmae,4,1.0,0.06,0.0,0.25,2.939260047662394,1.0141216044681391,0.1184945417618685,0.5865067275958366,0.24187611068799186
bivar_poisson_expected_awmae,4,0.75,0.06,0.5,0.25,2.939590183607919,1.0115511551155116,0.11589235846661589,0.5957730388423458,0.224993653211475
bivar_poisson_expected_awmae,5,0.5,0.1,0.0,0.25,2.9397194156419317,1.0088537699923839,0.1191926884996192,0.5793983244478293,0.24212998222899212
bivar_poisson_expected_awmae,4,0.75,0.03,0.5,0.25,2.9397687342108547,1.0117732927138867,0.11525767961411526,0.5960903782685961,0.2241051028179741
bivar_poisson_expected_awmae,5,0.75,0.1,0.5,0.25,2.9413029909739197,1.0095519167301346,0.11614623000761615,0.5955826351865956,0.22505712109672504
bivar_poisson_expected_awmae,4,0.75,0.1,0.5,0.0,2.941399804613084,1.009869256156385,0.1104975882203605,0.5965346534653465,0.22004315816197004
bivar_poisson_expected_awmae,4,0.75,0.15,0.5,0.0,2.9416279762200404,1.0094567149022595,0.11119573495811119,0.5962807819243463,0.220995176440721
bivar_poisson_expected_awmae,5,0.75,0.15,0.5,0.25,2.9416821872646293,1.0085681645087585,0.11697131251586697,0.5946306169078446,0.22575526783447575
bivar_poisson_expected_awmae,4,0.75,0.1,0.5,0.25,2.9421872977472763,1.0114242193450114,0.11633663366336634,0.5951383599898451,0.22512058898197512
bivar_poisson_expected_awmae,4,0.75,0.06,0.0,0.25,2.942519047693491,1.01501015486164,0.11944656004061945,0.5837776085300838,0.24333587204874332
bivar_poisson_expected_awmae,4,0.75,0.15,0.5,0.25,2.9428719067690374,1.011043412033511,0.11659050520436659,0.5942498095963442,0.22512058898197512
bivar_poisson_expected_awmae,4,0.75,0.1,0.0,0.25,2.943381676343792,1.0133917237877634,0.11982736735211982,0.5826351865955827,0.24289159685199288
bivar_poisson_expected_awmae,4,0.75,0.0,0.0,0.25,2.943658749422983,1.0167555217060167,0.1183041381061183,0.5851104341203351,0.24289159685199288
bivar_poisson_expected_awmae,4,1.0,0.03,0.5,0.0,2.9438773282933477,1.012154100025387,0.11005331302361006,0.5978040111703478,0.21978928662096978
bivar_poisson_expected_awmae,5,0.5,0.15,0.0,0.25,2.943989974567276,1.0089172378776339,0.119002284843869,0.5774942878903275,0.24067022086824066
bivar_poisson_expected_awmae,4,1.0,0.1,0.5,0.0,2.9445069233958745,1.010821274435136,0.10992637725310993,0.5964077176948465,0.21934501142421933
bivar_poisson_expected_awmae,4,1.0,0.06,0.5,0.0,2.94467264099482,1.0118367605991367,0.10973597359735973,0.597105864432597,0.2190911398832191
bivar_poisson_expected_awmae,4,0.5,0.0,0.0,0.25,2.9449779943225574,1.0152640264026402,0.1197004315816197,0.5818101040873318,0.24352627570449353
bivar_poisson_expected_awmae,4,1.0,0.0,0.5,0.0,2.9450905027754843,1.0125983752221377,0.1097994414826098,0.5981213505965981,0.21947194719471946
bivar_poisson_expected_awmae,4,0.75,0.03,0.0,0.25,2.9454009383862867,1.016882457476517,0.1183041381061183,0.5842218837268343,0.243018532622493
bivar_poisson_expected_awmae,4,0.75,0.06,0.5,0.0,2.9454047747487953,1.0115511551155116,0.10954556994160955,0.5964077176948465,0.21953541507996954
bivar_poisson_expected_awmae,4,0.75,0.15,0.0,0.25,2.9454522433499744,1.0125349073368874,0.11951002792586951,0.5806676821528307,0.24225691799949226
bivar_poisson_expected_awmae,4,0.75,0.03,0.5,0.0,2.9459543752859036,1.0125666412795125,0.10903782685960904,0.5967885250063468,0.2190911398832191
bivar_poisson_expected_awmae,4,0.5,0.15,0.5,0.0,2.946143018081964,1.010916476263011,0.11106879918761108,0.5952652957603453,0.22251840568672251
bivar_poisson_expected_awmae,5,1.0,0.1,0.0,0.5,2.9466495251685356,1.0128205128205128,0.12446052297537447,0.5803503427265804,0.24517644072099518
bivar_poisson_expected_awmae,5,1.0,0.15,0.0,0.5,2.9469869094898296,1.0117732927138867,0.12465092663112465,0.5788905813658289,0.24466869763899468
bivar_poisson_expected_awmae,4,0.5,0.03,0.5,0.0,2.9471874258124595,1.0134234577303884,0.10960903782685961,0.596978928662097,0.22074130489972074
bivar_poisson_expected_awmae,5,0.75,0.0,0.5,0.5,2.9474559345089455,1.0136138613861385,0.11931962427011931,0.5931073876618431,0.2267072861132267
bivar_poisson_expected_awmae,5,0.75,0.03,0.5,0.5,2.9474833504383606,1.0135503935008885,0.11931962427011931,0.5928535161208428,0.22658035034272658
bivar_poisson_expected_awmae,5,0.5,0.0,0.5,0.25,2.947541936546114,1.0114559532876364,0.11652703731911652,0.5957730388423458,0.22277227722772278
bivar_poisson_expected_awmae,5,0.75,0.1,0.5,0.5,2.9477939986675543,1.0125666412795125,0.1202081746636202,0.5916476263010917,0.22613607514597614
bivar_poisson_expected_awmae,4,0.75,0.0,0.5,0.0,2.9479258289487547,1.0133599898451384,0.10878395531860878,0.5967250571210967,0.21896420411271897
bivar_poisson_expected_awmae,5,1.0,0.0,0.5,0.5,2.9479839244090504,1.0133282559025134,0.11862147753236862,0.5934881949733435,0.22588220360497588
bivar_poisson_expected_awmae,4,0.5,0.03,0.0,0.25,2.9484862939383762,1.0155496318862656,0.11995430312261995,0.5807311500380807,0.24397055090124398
bivar_poisson_expected_awmae,5,1.0,0.15,0.5,0.5,2.9485374231100514,1.012058898197512,0.12014470677837015,0.5916476263010917,0.22696115765422697
bivar_poisson_expected_awmae,4,0.25,0.15,0.0,0.0,2.9486591330110024,1.0062198527545063,0.11544808326986544,0.5754633155623254,0.23806803757298806
bivar_poisson_expected_awmae,4,0.5,0.1,0.5,0.0,2.948659507560767,1.0123127697385124,0.11087839553186088,0.5960903782685961,0.2218837268342219
bivar_poisson_expected_awmae,5,1.0,0.03,0.5,0.5,2.9486880795322308,1.0135821274435135,0.11912922061436913,0.5937420665143437,0.2265168824574765
bivar_poisson_expected_awmae,4,0.25,0.0,0.0,0.0,2.9487285308018114,1.013074384361513,0.11386138613861387,0.5825717187103325,0.23914699162223915
bivar_poisson_expected_awmae,4,0.25,0.1,0.0,0.0,2.949242260210654,1.0092028433612592,0.11455953287636456,0.5778116273165778,0.23895658796648897
bivar_poisson_expected_awmae,5,0.5,0.1,0.5,0.25,2.949248810340736,1.0104722010662606,0.11766945925361767,0.5938690022848438,0.2244859101294745
bivar_poisson_expected_awmae,4,0.5,0.06,0.0,0.25,2.949279403077716,1.0151688245747652,0.11982736735211982,0.5796521959888297,0.24403401878649403
bivar_poisson_expected_awmae,4,0.25,0.06,0.0,0.0,2.949286337886469,1.010853008377761,0.11405178979436405,0.5795252602183295,0.23876618431073876
bivar_poisson_expected_awmae,4,0.5,0.06,0.5,0.0,2.9493074056731583,1.0129157146483878,0.1103071845646103,0.5963442498095963,0.22086824067022087
bivar_poisson_expected_awmae,5,1.0,0.1,0.5,0.5,2.9496793190214707,1.0128205128205128,0.11963696369636964,0.5923457730388424,0.22658035034272658
bivar_poisson_expected_awmae,5,0.5,0.03,0.5,0.25,2.9497096270267584,1.0117732927138867,0.11697131251586697,0.5955826351865956,0.22334348819497335
bivar_poisson_expected_awmae,4,0.5,0.0,0.5,0.0,2.9498338528418437,1.0140898705255141,0.10954556994160955,0.5968519928915968,0.2202970297029703
bivar_poisson_expected_awmae,5,0.75,0.06,0.5,0.5,2.949917253507636,1.0134551916730135,0.11995430312261995,0.5919014978420919,0.22658035034272658
bivar_poisson_expected_awmae,5,1.0,0.03,0.0,0.5,2.9499288456640063,1.01494668697639,0.12401624777862402,0.5812388931200813,0.2454937801472455
bivar_poisson_expected_awmae,5,0.5,0.06,0.5,0.25,2.949970778276163,1.011138613861386,0.11754252348311754,0.5945671490225946,0.22404163493272405
bivar_poisson_expected_awmae,4,0.5,0.0,0.5,0.25,2.95004294738865,1.0143754760091395,0.1169078446306169,0.5954556994160954,0.22385123127697384
bivar_poisson_expected_awmae,5,1.0,0.06,0.0,0.5,2.950269674069325,1.0144389438943895,0.12344503681137345,0.5806042142675806,0.24479563340949478
bivar_poisson_expected_awmae,5,0.75,0.15,0.5,0.5,2.950340599863093,1.0122810357958874,0.1202081746636202,0.5904417364813405,0.2265168824574765
bivar_poisson_expected_awmae,4,0.25,0.03,0.0,0.0,2.950348580291015,1.012185833968012,0.11386138613861387,0.5810484894643311,0.23902005585173902
bivar_poisson_expected_awmae,4,1.0,0.0,0.5,0.5,2.9506326004862333,1.0163112465092663,0.11836760599136836,0.5938690022848438,0.2253109926377253
bivar_poisson_expected_awmae,5,0.5,0.15,0.5,0.25,2.950636616959784,1.0102183295252603,0.11735211982736735,0.5928535161208428,0.2248032495557248
bivar_poisson_expected_awmae,4,0.5,0.06,0.5,0.25,2.950658926380539,1.0135186595582635,0.11766945925361767,0.5944402132520944,0.22493018532622494
bivar_poisson_expected_awmae,5,0.25,0.06,0.0,0.25,2.9510144101299494,1.0096788525006346,0.1191926884996192,0.5750825082508251,0.2414953033764915
bivar_poisson_expected_awmae,5,1.0,0.06,0.5,0.5,2.9510744796598067,1.0136455953287637,0.11957349581111958,0.5929169840060929,0.22658035034272658
bivar_poisson_expected_awmae,5,0.25,0.03,0.0,0.25,2.95130641809555,1.0103452652957603,0.11862147753236862,0.5759075907590759,0.24143183549124142
bivar_poisson_expected_awmae,5,0.0,0.0,0.0,0.0,2.9513203678861686,1.00990099009901,0.11290936785986291,0.5811119573495811,0.23692561563848694
bivar_poisson_expected_awmae,5,0.0,0.06,0.0,0.0,2.95142878018022,1.0074892104595075,0.11373445036811373,0.5783193703985783,0.23692561563848694
bivar_poisson_expected_awmae,5,0.25,0.1,0.0,0.25,2.9514856632136617,1.0082825590251332,0.11957349581111958,0.5738131505458238,0.24092409240924093
bivar_poisson_expected_awmae,4,0.5,0.03,0.5,0.25,2.951750540439199,1.0140898705255141,0.11741558771261741,0.5946940847930947,0.22416857070322416
bivar_poisson_expected_awmae,5,0.75,0.15,0.0,0.5,2.951861229672271,1.010853008377761,0.1257933485656258,0.5744478293983244,0.24447829398324447
bivar_poisson_expected_awmae,4,0.75,0.03,0.5,0.5,2.9520960666121536,1.0164699162223916,0.11963696369636964,0.5930439197765931,0.22658035034272658
bivar_poisson_expected_awmae,5,0.5,0.0,0.5,0.5,2.9521489811092994,1.0147245493780148,0.11957349581111958,0.5917110941863417,0.22645341457222645
bivar_poisson_expected_awmae,4,1.0,0.15,0.0,0.5,2.9522445314132875,1.015041888804265,0.12484133028687484,0.578954049251079,0.24447829398324447
bivar_poisson_expected_awmae,5,1.0,0.0,0.0,0.5,2.9523305777574387,1.0161843107387662,0.12306422949987307,0.5815562325463316,0.24536684437674536
bivar_poisson_expected_awmae,4,1.0,0.03,0.5,0.5,2.9528359755999287,1.0162160446813913,0.1191926884996192,0.5935516628585935,0.22562833206397562
bivar_poisson_expected_awmae,5,0.0,0.1,0.0,0.0,2.952849207077502,1.006092916984006,0.11297283574511298,0.5763518659558263,0.23533891850723535
bivar_poisson_expected_awmae,4,0.75,0.0,0.5,0.5,2.9531840655818953,1.017104595074892,0.11912922061436913,0.5932343234323433,0.2265168824574765
bivar_poisson_expected_awmae,4,0.5,0.1,0.0,0.25,2.953194612905667,1.0153592282305153,0.11944656004061945,0.5780654988575781,0.24289159685199288
bivar_poisson_expected_awmae,5,0.0,0.15,0.0,0.0,2.9534247443968438,1.004030210713379,0.11405178979436405,0.5747017009393247,0.23546585427773548
bivar_poisson_expected_awmae,4,0.75,0.06,0.5,0.5,2.953434672727259,1.0162795125666413,0.12027164254887027,0.5922823051535923,0.22645341457222645
bivar_poisson_expected_awmae,5,0.75,0.1,0.0,0.5,2.9534438440343265,1.0127253109926377,0.12547600913937548,0.576034526529576,0.24562071591774562
bivar_poisson_expected_awmae,4,0.75,0.1,0.5,0.5,2.9536754369840565,1.015898705255141,0.12071591774562071,0.5918380299568419,0.2263899466869764
bivar_poisson_expected_awmae,5,0.25,0.1,0.5,0.25,2.9537170722194444,1.012058898197512,0.11633663366336634,0.5920919014978421,0.22315308453922314
bivar_poisson_expected_awmae,4,0.5,0.1,0.5,0.25,2.9538940514520386,1.0141850723533892,0.11678090886011679,0.5931073876618431,0.22454937801472455
bivar_poisson_expected_awmae,5,0.25,0.0,0.0,0.25,2.9543136482156025,1.0126618431073877,0.11792333079461792,0.5773673521198274,0.24162223914699163
bivar_poisson_expected_awmae,4,1.0,0.06,0.5,0.5,2.9546453519378493,1.0166285859355166,0.11893881695861894,0.5934881949733435,0.22581873571972583
bivar_poisson_expected_awmae,5,0.25,0.15,0.0,0.25,2.954647755471042,1.0074892104595075,0.12001777100787002,0.5720995176440721,0.2407971566387408
bivar_poisson_expected_awmae,4,0.75,0.15,0.5,0.5,2.955198857515826,1.0152640264026402,0.12027164254887027,0.5905686722518406,0.2261995430312262
bivar_poisson_expected_awmae,4,0.25,0.1,0.5,0.0,2.955323974291533,1.0138994668697638,0.1118938816958619,0.5950748921045951,0.22321655242447322
bivar_poisson_expected_awmae,5,0.5,0.15,0.5,0.0,2.9553289655773667,1.0114876872302614,0.10783193703985783,0.595963442498096,0.21915460776846915
bivar_poisson_expected_awmae,5,0.25,0.03,0.5,0.25,2.955504240935983,1.0131695861893881,0.11652703731911652,0.5929169840060929,0.22213759837522215
bivar_poisson_expected_awmae,5,0.5,0.03,0.5,0.5,2.9555263019022315,1.0153592282305153,0.11982736735211982,0.5911398832190912,0.22715156130997716
bivar_poisson_expected_awmae,5,0.25,0.06,0.5,0.25,2.9556045087317826,1.013074384361513,0.1164001015486164,0.5925996445798426,0.22296268088347296
bivar_poisson_expected_awmae,4,0.25,0.15,0.5,0.0,2.9556095202517474,1.0133917237877634,0.11176694592536177,0.5946306169078446,0.22353389185072353
bivar_poisson_expected_awmae,4,0.5,0.15,0.5,0.25,2.955673726220571,1.0138359989845138,0.11684437674536684,0.5922188372683422,0.22493018532622494
bivar_poisson_expected_awmae,5,0.25,0.0,0.5,0.25,2.9557185451270387,1.0137407971566388,0.11684437674536684,0.5937420665143437,0.2222010662604722
bivar_poisson_expected_awmae,4,1.0,0.15,0.5,0.5,2.9559029264605847,1.0154544300583905,0.11951002792586951,0.5916476263010917,0.22537446052297538
bivar_poisson_expected_awmae,4,1.0,0.1,0.5,0.5,2.9559223340580645,1.0161525767961412,0.11931962427011931,0.5926631124650926,0.22581873571972583
bivar_poisson_expected_awmae,5,1.0,0.1,0.5,0.0,2.9560913744588464,1.0123762376237624,0.10637217567910637,0.5981848184818482,0.21553693830921553
bivar_poisson_expected_awmae,5,0.25,0.15,0.5,0.25,2.9561277692868684,1.0115194211728866,0.11671744097486672,0.5905686722518406,0.2241051028179741
bivar_poisson_expected_awmae,5,0.75,0.0,0.0,0.5,2.95613305590896,1.0163747143945163,0.12357197258187357,0.5792079207920792,0.24562071591774562
bivar_poisson_expected_awmae,5,0.0,0.03,0.0,0.0,2.9562148947864477,1.0093615130743843,0.11265549631886265,0.5783193703985783,0.23603706524498605
bivar_poisson_expected_awmae,5,1.0,0.15,0.5,0.0,2.956291419015772,1.010979944148261,0.10624523990860625,0.5967250571210967,0.21464838791571464
bivar_poisson_expected_awmae,4,1.0,0.1,0.0,0.5,2.9563244093014465,1.0177075399847677,0.1243970550901244,0.5804138106118304,0.24485910129474486
bivar_poisson_expected_awmae,4,0.25,0.06,0.5,0.25,2.9563340674194,1.0150736227468902,0.11684437674536684,0.5922823051535923,0.2242955064737243
bivar_poisson_expected_awmae,5,0.75,0.03,0.0,0.5,2.956360099388363,1.0152640264026402,0.12401624777862402,0.5780654988575781,0.24523990860624523
bivar_poisson_expected_awmae,4,0.25,0.03,0.5,0.25,2.9564923042186995,1.0153592282305153,0.11671744097486672,0.5925996445798426,0.22404163493272405
bivar_poisson_expected_awmae,5,0.5,0.06,0.5,0.5,2.9565075771121534,1.0145976136075145,0.1202081746636202,0.5901878649403401,0.22677075399847677
bivar_poisson_expected_awmae,5,0.75,0.06,0.0,0.5,2.9565914733915237,1.01494668697639,0.1243970550901244,0.5774308200050774,0.2453033764914953
bivar_poisson_expected_awmae,4,0.0,0.0,0.0,0.0,2.9568525761474436,1.0111703478040113,0.11455953287636456,0.5761614623000761,0.2388931200812389
bivar_poisson_expected_awmae,5,0.5,0.1,0.5,0.0,2.9577139807435358,1.012947448591013,0.10694338664635694,0.5964077176948465,0.21832952526021834
bivar_poisson_expected_awmae,4,0.5,0.0,0.5,0.5,2.9578716958668787,1.017961411525768,0.12001777100787002,0.5920919014978421,0.22702462553947703
bivar_poisson_expected_awmae,4,0.25,0.0,0.5,0.0,2.957999128513432,1.015962173140391,0.11138613861386139,0.5962807819243463,0.2218202589489718
bivar_poisson_expected_awmae,5,0.75,0.15,0.5,0.0,2.9580287875645257,1.011900228484387,0.10713379030210714,0.5960903782685961,0.2164254887027164
bivar_poisson_expected_awmae,4,0.0,0.03,0.0,0.0,2.958202873624358,1.010884742320386,0.11468646864686469,0.5748921045950749,0.23882965219598884
bivar_poisson_expected_awmae,4,0.25,0.0,0.5,0.25,2.9582086157682803,1.0162477786240163,0.1169078446306169,0.5932977913175933,0.22391469916222392
bivar_poisson_expected_awmae,5,1.0,0.06,0.5,0.0,2.958429172638027,1.0134234577303884,0.10611830413810612,0.5983752221375984,0.2152195988829652
bivar_poisson_expected_awmae,4,0.25,0.06,0.5,0.0,2.9584774106143388,1.0151370906321402,0.11138613861386139,0.5952652957603453,0.2218202589489718
bivar_poisson_expected_awmae,4,0.25,0.03,0.5,0.0,2.9585000607054064,1.0156448337141406,0.11132267072861132,0.5958365067275958,0.2218837268342219
bivar_poisson_expected_awmae,5,1.0,0.03,0.5,0.0,2.9588168630540164,1.0137090632140138,0.1063087077938563,0.5987560294490988,0.21547347042396547
bivar_poisson_expected_awmae,5,0.5,0.0,0.0,0.5,2.9589827648725895,1.016089108910891,0.12261995430312261,0.5741939578573242,0.24422442244224424
bivar_poisson_expected_awmae,5,0.75,0.1,0.5,0.0,2.9591164737245736,1.013074384361513,0.10643564356435643,0.5968519928915968,0.2157908098502158
bivar_poisson_expected_awmae,5,0.25,0.15,0.5,0.0,2.9592292527545823,1.0122493018532623,0.10941863417110942,0.5954556994160954,0.2218837268342219
bivar_poisson_expected_awmae,4,0.25,0.1,0.5,0.25,2.9593951732609614,1.0152957603452653,0.1169078446306169,0.5914572226453415,0.22486671744097486
bivar_poisson_expected_awmae,4,0.25,0.0,0.0,0.25,2.95965406486324,1.0162160446813913,0.1184945417618685,0.5758441228738258,0.24206651434374207
bivar_poisson_expected_awmae,5,0.5,0.1,0.5,0.5,2.9599215241153654,1.0145976136075145,0.11957349581111958,0.588981975120589,0.226009139375476
bivar_poisson_expected_awmae,5,0.5,0.03,0.5,0.0,2.959958337850354,1.0145024117796395,0.10592790048235592,0.5967250571210967,0.21725057121096725
bivar_poisson_expected_awmae,4,1.0,0.03,0.0,0.5,2.959973030526923,1.0196115765422695,0.1243970550901244,0.5813023610053313,0.24593805534399593
bivar_poisson_expected_awmae,4,0.0,0.03,0.5,0.0,2.9599819512975505,1.0155813658288906,0.11322670728611323,0.5946940847930947,0.2246128458999746
bivar_poisson_expected_awmae,4,0.5,0.03,0.5,0.5,2.960039167271726,1.0184374206651434,0.11982736735211982,0.5912033511043412,0.22715156130997716
bivar_poisson_expected_awmae,4,0.5,0.15,0.0,0.25,2.9601766393604163,1.0146293475501396,0.11906575272911907,0.5744478293983244,0.24067022086824066
bivar_poisson_expected_awmae,5,0.5,0.06,0.5,0.0,2.960296969955762,1.0141850723533892,0.1064991114496065,0.5966615892358467,0.218012185833968
bivar_poisson_expected_awmae,5,0.5,0.15,0.0,0.5,2.960343258631916,1.0118367605991367,0.12534907336887535,0.5705128205128205,0.24454176186849455
bivar_poisson_expected_awmae,4,0.75,0.15,0.0,0.5,2.96047708284375,1.0151688245747652,0.1254125412541254,0.5744478293983244,0.24441482609799442
bivar_poisson_expected_awmae,5,0.25,0.1,0.5,0.0,2.9605432278945605,1.0129157146483878,0.1091012947448591,0.5957095709570958,0.22042396547347043
bivar_poisson_expected_awmae,4,1.0,0.0,0.0,0.5,2.9607117292150766,1.0205635948210205,0.12382584412287383,0.5816197004315816,0.24568418380299567
bivar_poisson_expected_awmae,4,0.0,0.06,0.0,0.0,2.960725136906666,1.0101231276973852,0.11551155115511551,0.5731150038080731,0.23895658796648897
bivar_poisson_expected_awmae,4,0.0,0.15,0.5,0.0,2.9607560902484886,1.0128522467631378,0.11290936785986291,0.5903148007108403,0.2237877633917238
bivar_poisson_expected_awmae,4,0.0,0.06,0.5,0.0,2.9607813534142857,1.015041888804265,0.11316323940086316,0.5937420665143437,0.22486671744097486
bivar_poisson_expected_awmae,5,0.75,0.03,0.5,0.0,2.9608374041080983,1.0147245493780148,0.10662604722010663,0.5981848184818482,0.21623508504696623
bivar_poisson_expected_awmae,5,0.25,0.03,0.5,0.0,2.960970020896336,1.0148514851485149,0.10802234069560802,0.596978928662097,0.21934501142421933
bivar_poisson_expected_awmae,4,1.0,0.06,0.0,0.5,2.961243729360827,1.0195798425996445,0.12363544046712363,0.5807946179233308,0.24492256917999491
bivar_poisson_expected_awmae,5,0.5,0.06,0.0,0.5,2.961299459013684,1.0149149530337649,0.1242066514343742,0.572988068037573,0.24523990860624523
bivar_poisson_expected_awmae,5,0.5,0.15,0.5,0.5,2.9613018484865297,1.0142485402386392,0.12027164254887027,0.587966488956588,0.22683422188372684
bivar_poisson_expected_awmae,4,0.25,0.03,0.0,0.25,2.9613573111857323,1.016057374968266,0.11868494541761869,0.5750825082508251,0.24225691799949226
bivar_poisson_expected_awmae,5,0.5,0.1,0.0,0.5,2.9613967887921255,1.0137407971566388,0.12407971566387407,0.5713379030210713,0.24447829398324447
bivar_poisson_expected_awmae,5,0.0,0.0,0.5,0.25,2.9614620786373016,1.0149149530337649,0.11627316577811628,0.5916476263010917,0.2230896166539731
bivar_poisson_expected_awmae,5,0.75,0.06,0.5,0.0,2.9616440080563535,1.0143754760091395,0.1064991114496065,0.5974866717440975,0.21591774562071592
bivar_poisson_expected_awmae,5,0.25,0.0,0.5,0.0,2.9619552009740073,1.0154861640010155,0.10751459761360752,0.597105864432597,0.21858339680121858
bivar_poisson_expected_awmae,4,0.5,0.1,0.5,0.5,2.9619996346880964,1.0166603198781416,0.12071591774562071,0.5894897182025894,0.22702462553947703
bivar_poisson_expected_awmae,5,0.75,0.0,0.5,0.0,2.9621454049928766,1.0152322924600152,0.10656257933485656,0.5983752221375984,0.21623508504696623
bivar_poisson_expected_awmae,4,0.5,0.06,0.5,0.5,2.9621841227172756,1.0177392739273927,0.1203985783193704,0.5903148007108403,0.22677075399847677
bivar_poisson_expected_awmae,5,1.0,0.0,0.5,0.0,2.9621961373631023,1.0145658796648895,0.10637217567910637,0.5986290936785986,0.21515613099771516
bivar_poisson_expected_awmae,4,0.0,0.15,0.0,0.0,2.9621966260195305,1.005934247270881,0.11671744097486672,0.5691165270373191,0.238004569687738
bivar_poisson_expected_awmae,4,0.0,0.0,0.5,0.0,2.962382519545054,1.0164381822797663,0.11316323940086316,0.5945671490225946,0.22347042396547348
bivar_poisson_expected_awmae,5,0.25,0.06,0.5,0.0,2.9624421656433375,1.0140264026402641,0.10884742320385885,0.5964077176948465,0.21978928662096978
bivar_poisson_expected_awmae,5,0.5,0.03,0.0,0.5,2.9625536734306315,1.015835237369891,0.123000761614623,0.5728611322670729,0.24422442244224424
bivar_poisson_expected_awmae,5,0.0,0.03,0.5,0.25,2.962739216829047,1.0147245493780148,0.11735211982736735,0.5913937547600914,0.22385123127697384
bivar_poisson_expected_awmae,4,0.75,0.1,0.0,0.5,2.9629551387389528,1.018088347296268,0.12465092663112465,0.5762249301853263,0.24562071591774562
bivar_poisson_expected_awmae,4,0.0,0.1,0.5,0.0,2.9632156783201467,1.0146610814927646,0.11265549631886265,0.5918380299568419,0.22391469916222392
bivar_poisson_expected_awmae,4,0.0,0.1,0.0,0.0,2.963767869784565,1.0085998984513835,0.11544808326986544,0.5703858847423204,0.23806803757298806
bivar_poisson_expected_awmae,4,0.25,0.1,0.0,0.25,2.96389468581609,1.0145341457222645,0.11957349581111958,0.5726072607260726,0.24257425742574257
bivar_poisson_expected_awmae,4,0.5,0.15,0.5,0.5,2.963914477710794,1.015962173140391,0.1210967250571211,0.5880934247270881,0.2272150291952272
bivar_poisson_expected_awmae,5,0.5,0.0,0.5,0.0,2.9639196255564237,1.0156448337141406,0.10554709317085555,0.5964077176948465,0.2164889565879665
bivar_poisson_expected_awmae,5,0.25,0.03,0.5,0.5,2.964089804977268,1.017041127189642,0.12027164254887027,0.5895531860878396,0.22715156130997716
bivar_poisson_expected_awmae,4,0.25,0.06,0.0,0.25,2.964468071901807,1.0156448337141406,0.11906575272911907,0.5733688753490733,0.24251078954049252
bivar_poisson_expected_awmae,4,0.75,0.0,0.0,0.5,2.9645277387483806,1.0212617415587713,0.12388931200812389,0.5795887281035796,0.24631886265549632
bivar_poisson_expected_awmae,5,0.0,0.15,0.5,0.25,2.9646299067681467,1.0128522467631378,0.11754252348311754,0.588029956841838,0.22454937801472455
bivar_poisson_expected_awmae,4,0.75,0.06,0.0,0.5,2.9650796568530975,1.0197702462553948,0.12446052297537447,0.5776846915460777,0.24606499111449606
bivar_poisson_expected_awmae,5,0.25,0.0,0.5,0.5,2.965093548636564,1.0172632647880173,0.11982736735211982,0.5896801218583397,0.22588220360497588
bivar_poisson_expected_awmae,5,0.25,0.06,0.5,0.5,2.965285003739642,1.0163747143945163,0.12046204620462046,0.5886011678090886,0.22677075399847677
bivar_poisson_expected_awmae,5,0.0,0.06,0.5,0.25,2.965315280775224,1.0141850723533892,0.11716171617161716,0.5896166539730896,0.22334348819497335
bivar_poisson_expected_awmae,4,0.25,0.15,0.5,0.25,2.965597575341086,1.0151688245747652,0.11722518405686723,0.5891723787763392,0.22473978167047473
bivar_poisson_expected_awmae,5,0.25,0.15,0.5,0.5,2.965678078546788,1.0154226961157655,0.12154100025387155,0.5864432597105864,0.2279131759329779
bivar_poisson_expected_awmae,4,0.75,0.03,0.0,0.5,2.965696151845627,1.0206905305915206,0.12452399086062452,0.5784463061690784,0.24657273419649658
bivar_poisson_expected_awmae,4,0.5,0.15,0.0,0.5,2.966154474208958,1.0151370906321402,0.12592028433612593,0.5704493526275705,0.24536684437674536
bivar_poisson_expected_awmae,4,0.25,0.15,0.0,0.25,2.966374552022633,1.0136773292713888,0.12001777100787002,0.5711474993653212,0.24289159685199288
bivar_poisson_expected_awmae,5,0.25,0.1,0.5,0.5,2.9664288035109676,1.015962173140391,0.12071591774562071,0.587014470677837,0.22683422188372684
bivar_poisson_expected_awmae,5,0.0,0.03,0.0,0.25,2.966685536154261,1.010853008377761,0.1184945417618685,0.5703858847423204,0.2411779639502412
bivar_poisson_expected_awmae,5,0.0,0.1,0.5,0.25,2.9672907006892446,1.0141533384107642,0.11697131251586697,0.5886646356943387,0.2235973597359736
bivar_poisson_expected_awmae,4,0.25,0.03,0.5,0.5,2.967879671869784,1.0195798425996445,0.1210967250571211,0.5897435897435898,0.2279131759329779
bivar_poisson_expected_awmae,5,0.0,0.0,0.0,0.25,2.9683103266479125,1.0128522467631378,0.1183041381061183,0.5717821782178217,0.242003046458492
bivar_poisson_expected_awmae,4,0.25,0.0,0.5,0.5,2.968558704270218,1.0198654480832698,0.12027164254887027,0.5894897182025894,0.22677075399847677
bivar_poisson_expected_awmae,4,0.5,0.0,0.0,0.5,2.968716920165059,1.0214838791571466,0.12338156892612338,0.5750825082508251,0.24511297283574512
bivar_poisson_expected_awmae,4,0.25,0.06,0.5,0.5,2.9690150046044614,1.019008631632394,0.12128712871287128,0.5889185072353389,0.22835745112972836
bivar_poisson_expected_awmae,4,0.5,0.1,0.0,0.5,2.9693627554597923,1.018024879411018,0.12458745874587458,0.5719091139883219,0.2454937801472455
bivar_poisson_expected_awmae,4,0.25,0.15,0.5,0.5,2.9696292860505578,1.017897943640518,0.12204874333587205,0.5865067275958366,0.22854785478547854
bivar_poisson_expected_awmae,5,0.0,0.15,0.5,0.0,2.96964170135684,1.0146293475501396,0.11043412033511044,0.5933612592028433,0.22207413048997207
bivar_poisson_expected_awmae,5,0.0,0.15,0.5,0.5,2.9697674505694147,1.0165016501650166,0.12293729372937294,0.5858720487433359,0.23026148768723026
bivar_poisson_expected_awmae,4,0.0,0.0,0.5,0.25,2.9698082962363825,1.019008631632394,0.11798679867986799,0.591076415333841,0.22505712109672504
bivar_poisson_expected_awmae,5,1.0,0.0,1.0,0.5,2.9698980798616597,1.0161525767961412,0.11614623000761615,0.6000253871541,0.21268088347296268
bivar_poisson_expected_awmae,5,0.0,0.0,0.5,0.0,2.9699829455239786,1.017136329017517,0.11018024879411017,0.5963442498095963,0.22023356181772025
bivar_poisson_expected_awmae,5,0.0,0.1,0.0,0.25,2.970058367513648,1.0085046966235085,0.1188118811881188,0.5667682152830668,0.2400990099009901
bivar_poisson_expected_awmae,5,0.0,0.1,0.5,0.0,2.970124395889234,1.0156130997715156,0.11024371667936024,0.5945671490225946,0.2215029195227215
bivar_poisson_expected_awmae,4,0.25,0.1,0.5,0.5,2.9702751466388655,1.0185960903782687,0.12160446813912161,0.5877760853008378,0.2282939832444783
bivar_poisson_expected_awmae,4,0.5,0.06,0.0,0.5,2.970512378881644,1.0199606499111449,0.12414318354912414,0.5730515359228231,0.2453033764914953
bivar_poisson_expected_awmae,4,0.75,0.1,1.0,0.25,2.97075680496462,1.0155496318862656,0.11278243208936278,0.5992003046458492,0.21128458999746128
bivar_poisson_expected_awmae,4,1.0,0.1,1.0,0.25,2.970887010420049,1.0158035034272659,0.11151307438436152,0.5995811119573495,0.2105864432597106
bivar_poisson_expected_awmae,4,0.75,0.15,1.0,0.25,2.9709200523059165,1.0153909621731403,0.11322670728611323,0.5982482863670983,0.21147499365321148
bivar_poisson_expected_awmae,5,0.0,0.06,0.5,0.0,2.9709978767266456,1.0163429804518913,0.11005331302361006,0.5949479563340949,0.22086824067022087
bivar_poisson_expected_awmae,5,0.0,0.06,0.5,0.5,2.971046150654001,1.0174854023863924,0.12204874333587205,0.5864432597105864,0.22835745112972836
bivar_poisson_expected_awmae,4,0.75,0.06,1.0,0.25,2.971061968772372,1.0161843107387662,0.11221122112211221,0.5997080477278497,0.21077684691546078
bivar_poisson_expected_awmae,4,1.0,0.06,1.0,0.25,2.9711039261193264,1.0162795125666413,0.11132267072861132,0.6003427265803504,0.2105864432597106
bivar_poisson_expected_awmae,4,1.0,0.03,1.0,0.25,2.9712711182913694,1.0166603198781416,0.11100533130236101,0.6011043412033511,0.21084031480071083
bivar_poisson_expected_awmae,5,0.0,0.06,0.0,0.25,2.971496389197409,1.0102183295252603,0.11824067022086825,0.567910637217568,0.24022594567149022
bivar_poisson_expected_awmae,5,0.0,0.03,0.5,0.0,2.9716047752191286,1.0165968519928916,0.11018024879411017,0.5953922315308454,0.22004315816197004
bivar_poisson_expected_awmae,5,0.0,0.1,0.5,0.5,2.9716951094078072,1.0172315308453923,0.12287382584412287,0.5866336633663366,0.22975374460522976
bivar_poisson_expected_awmae,5,0.25,0.03,0.0,0.5,2.971718949316748,1.0157400355420156,0.12223914699162224,0.5686722518405687,0.24378014724549377
bivar_poisson_expected_awmae,5,0.0,0.03,0.5,0.5,2.9717239948597705,1.0184056867225184,0.12141406448337141,0.5872048743335873,0.22797664381822796
bivar_poisson_expected_awmae,4,1.0,0.15,1.0,0.25,2.97173652002494,1.015041888804265,0.1118938816958619,0.5978040111703478,0.2103960396039604
bivar_poisson_expected_awmae,5,0.0,0.0,0.5,0.5,2.9717706519969056,1.0189134298045188,0.12077938563087078,0.5876491495303376,0.22708809342472708
bivar_poisson_expected_awmae,4,0.5,0.03,0.0,0.5,2.9719040439385247,1.0207539984767708,0.12319116527037319,0.5734323432343235,0.24466869763899468
bivar_poisson_expected_awmae,5,0.25,0.0,0.0,0.5,2.972072016208818,1.0164699162223916,0.12198527545062199,0.5691799949225692,0.24378014724549377
bivar_poisson_expected_awmae,4,0.0,0.03,0.5,0.25,2.972106214529078,1.0189134298045188,0.11760599136836761,0.5898070576288398,0.2248032495557248
bivar_poisson_expected_awmae,5,0.0,0.15,0.0,0.25,2.9721783482988315,1.0078382838283828,0.11982736735211982,0.5658796648895659,0.24067022086824066
bivar_poisson_expected_awmae,4,1.0,0.0,1.0,0.5,2.972329928504438,1.0182152830667681,0.11449606499111449,0.60008885503935,0.21147499365321148
bivar_poisson_expected_awmae,5,1.0,0.1,1.0,0.5,2.972609728238556,1.0162477786240163,0.11614623000761615,0.5981848184818482,0.212998222899213
bivar_poisson_expected_awmae,4,0.0,0.1,0.5,0.25,2.9729812169075527,1.0182470170093934,0.11766945925361767,0.5882838283828383,0.2253109926377253
bivar_poisson_expected_awmae,4,1.0,0.0,1.0,0.25,2.973035779489356,1.0173902005585174,0.11056105610561057,0.6010408733181011,0.21052297537446052
bivar_poisson_expected_awmae,5,1.0,0.03,1.0,0.5,2.9733112701169544,1.0163112465092663,0.11646356943386646,0.5991368367605991,0.21268088347296268
bivar_poisson_expected_awmae,4,0.0,0.06,0.5,0.25,2.9735142337217564,1.0188499619192688,0.11754252348311754,0.5891723787763392,0.22493018532622494
bivar_poisson_expected_awmae,4,0.0,0.15,0.5,0.25,2.973527682099861,1.0173584666158924,0.1184945417618685,0.5877126174155877,0.2267072861132267
bivar_poisson_expected_awmae,4,1.0,0.03,1.0,0.5,2.973658191011697,1.0186278243208937,0.11481340441736482,0.5995811119573495,0.21172886519421172
bivar_poisson_expected_awmae,4,0.0,0.0,0.5,0.5,2.97454273030866,1.0216425488702716,0.12077938563087078,0.5882838283828383,0.22772277227722773
bivar_poisson_expected_awmae,5,1.0,0.06,1.0,0.5,2.97465009794068,1.0166603198781416,0.11652703731911652,0.5986290936785986,0.21280781924346281
bivar_poisson_expected_awmae,4,0.0,0.15,0.5,0.5,2.97495022740941,1.0194846407717695,0.12242955064737243,0.5859355166285859,0.22994414826097995
bivar_poisson_expected_awmae,4,0.0,0.1,0.5,0.5,2.9750137490660373,1.0198654480832698,0.1224930185326225,0.5868875349073369,0.22924600152322924
bivar_poisson_expected_awmae,4,0.0,0.06,0.5,0.5,2.9754416698136112,1.0206270627062706,0.12166793602437166,0.5868240670220868,0.2284843869002285
bivar_poisson_expected_awmae,5,0.25,0.06,0.0,0.5,2.975590695666088,1.0154226961157655,0.12223914699162224,0.5672124904798173,0.2433993399339934
bivar_poisson_expected_awmae,4,0.75,0.03,1.0,0.25,2.9758211646926025,1.017897943640518,0.1117034780401117,0.5997715156130998,0.21045950748921047
bivar_poisson_expected_awmae,5,1.0,0.15,1.0,0.5,2.976215513243314,1.016945925361767,0.11557501904036557,0.5967250571210967,0.21204620462046206
bivar_poisson_expected_awmae,4,0.0,0.03,0.5,0.5,2.976250059372862,1.0211982736735212,0.12096978928662097,0.5870779385630871,0.22746890073622747
bivar_poisson_expected_awmae,5,1.0,0.15,1.0,0.25,2.9763595353793812,1.0145024117796395,0.11081492764661081,0.5985021579080985,0.2102056359482102
bivar_poisson_expected_awmae,5,1.0,0.06,1.0,0.25,2.9766079955644864,1.0156130997715156,0.10992637725310993,0.6005965981213506,0.20957095709570958
bivar_poisson_expected_awmae,5,0.75,0.03,1.0,0.5,2.9767267283416126,1.0192942371160192,0.11576542269611577,0.5988194973343488,0.2126174155877126
bivar_poisson_expected_awmae,5,0.5,0.03,1.0,0.25,2.9767905977843254,1.0157717694846409,0.11589235846661589,0.6001523229246002,0.2124904798172125
bivar_poisson_expected_awmae,4,0.75,0.0,1.0,0.25,2.977095060766205,1.0186278243208937,0.11183041381061183,0.6004061944656004,0.2110941863417111
bivar_poisson_expected_awmae,5,0.75,0.15,1.0,0.25,2.9771465746566945,1.0154226961157655,0.1117034780401117,0.5982482863670983,0.21172886519421172
bivar_poisson_expected_awmae,5,0.75,0.06,1.0,0.5,2.977369180517694,1.0193894389438944,0.11563848692561564,0.5980578827113481,0.21268088347296268
bivar_poisson_expected_awmae,4,0.5,0.03,1.0,0.25,2.9774622519654437,1.0187864940340188,0.11449606499111449,0.5997080477278497,0.21166539730896167
bivar_poisson_expected_awmae,5,1.0,0.1,1.0,0.25,2.977533909434744,1.0153592282305153,0.1104975882203605,0.5998984513835999,0.21007870017771008
bivar_poisson_expected_awmae,5,0.75,0.1,1.0,0.5,2.977578795293423,1.0188182279766438,0.11563848692561564,0.5971693323178472,0.21255394770246255
bivar_poisson_expected_awmae,4,1.0,0.15,1.0,0.0,2.9776312073225597,1.0162795125666413,0.10922823051535922,0.5998984513835999,0.21122112211221122
bivar_poisson_expected_awmae,4,0.75,0.06,1.0,0.5,2.9776382721462333,1.0205635948210205,0.11538461538461539,0.5985021579080985,0.21280781924346281
bivar_poisson_expected_awmae,4,0.5,0.0,1.0,0.25,2.9776593911098495,1.0187864940340188,0.11455953287636456,0.6001523229246002,0.21128458999746128
bivar_poisson_expected_awmae,4,1.0,0.1,1.0,0.5,2.977668991270849,1.0193577050012694,0.11462300076161462,0.5984386900228484,0.21153846153846154
bivar_poisson_expected_awmae,5,0.75,0.1,1.0,0.25,2.9776974759118535,1.0152957603452653,0.11214775323686214,0.5986925615638486,0.2114115257679614
bivar_poisson_expected_awmae,4,0.5,0.06,1.0,0.25,2.9777357785520233,1.0186912922061437,0.11455953287636456,0.5993272404163493,0.2114115257679614
bivar_poisson_expected_awmae,4,1.0,0.15,1.0,0.5,2.97798503639445,1.0192307692307692,0.11436912922061437,0.597105864432597,0.21084031480071083
bivar_poisson_expected_awmae,5,0.5,0.06,1.0,0.25,2.978173215031926,1.0162477786240163,0.11563848692561564,0.5997080477278497,0.21255394770246255
bivar_poisson_expected_awmae,4,1.0,0.06,1.0,0.5,2.9781884247676524,1.0191355674028941,0.115003808073115,0.5986925615638486,0.21153846153846154
bivar_poisson_expected_awmae,4,0.75,0.15,1.0,0.0,2.978486788678315,1.0172315308453923,0.10884742320385885,0.5993907083015994,0.21160192942371162
bivar_poisson_expected_awmae,5,0.25,0.1,0.0,0.5,2.978629911256175,1.0151688245747652,0.12198527545062199,0.5654988575780655,0.24358974358974358
bivar_poisson_expected_awmae,4,0.75,0.0,1.0,0.5,2.9787412942933282,1.020912668189896,0.11563848692561564,0.5993272404163493,0.21268088347296268
bivar_poisson_expected_awmae,5,0.5,0.1,1.0,0.25,2.9787887818537055,1.015962173140391,0.11544808326986544,0.5986290936785986,0.21268088347296268
bivar_poisson_expected_awmae,4,0.5,0.15,1.0,0.25,2.9787981304007265,1.0176758060421427,0.115003808073115,0.5969154607768469,0.21217314039096216
bivar_poisson_expected_awmae,5,1.0,0.03,1.0,0.25,2.978832264402238,1.0162477786240163,0.11024371667936024,0.6010408733181011,0.20982482863670981
bivar_poisson_expected_awmae,5,0.75,0.0,1.0,0.5,2.9789580016286115,1.0197385123127698,0.11563848692561564,0.598946433104849,0.21236354404671237
bivar_poisson_expected_awmae,5,0.75,0.15,1.0,0.5,2.97913901156849,1.0188816958618938,0.11563848692561564,0.5961538461538461,0.2126174155877126
bivar_poisson_expected_awmae,5,0.5,0.15,1.0,0.5,2.979143808319659,1.0196433104848945,0.11646356943386646,0.5956461030718456,0.21426758060421427
bivar_poisson_expected_awmae,4,0.75,0.1,1.0,0.5,2.9793475945239254,1.0206270627062706,0.11513074384361513,0.5974866717440975,0.21223660827621224
bivar_poisson_expected_awmae,5,0.5,0.0,1.0,0.25,2.979369933768449,1.0166285859355166,0.11525767961411526,0.60008885503935,0.21191926884996193
bivar_poisson_expected_awmae,5,0.5,0.0,1.0,0.5,2.979576279895967,1.0200875856816451,0.11665397308961666,0.5984386900228484,0.21318862655496318
bivar_poisson_expected_awmae,4,0.75,0.1,1.0,0.0,2.9795950749927265,1.0175171363290174,0.10922823051535922,0.6002792586951002,0.21115765422696114
bivar_poisson_expected_awmae,4,0.5,0.1,1.0,0.25,2.979612127318691,1.018088347296268,0.11487687230261488,0.5979309469408479,0.21128458999746128
bivar_poisson_expected_awmae,5,0.5,0.03,1.0,0.5,2.979674261673414,1.0198019801980198,0.1169078446306169,0.5974866717440975,0.21382330540746383
bivar_poisson_expected_awmae,5,0.75,0.06,1.0,0.25,2.9798325929383265,1.0166920538207667,0.11144960649911145,0.5997715156130998,0.21096725057121096
bivar_poisson_expected_awmae,4,0.75,0.03,1.0,0.5,2.979867641422189,1.021039603960396,0.11551155115511551,0.5985021579080985,0.21268088347296268
bivar_poisson_expected_awmae,4,0.0,0.1,0.0,0.25,2.9800509855744526,1.0136773292713888,0.11963696369636964,0.5654353896928155,0.24168570703224168
bivar_poisson_expected_awmae,5,0.25,0.15,1.0,0.25,2.980267069808599,1.0168189895912667,0.11678090886011679,0.5972328002030972,0.21445798425996446
bivar_poisson_expected_awmae,5,0.25,0.15,0.0,0.5,2.980334363785059,1.0135503935008885,0.12325463315562325,0.5641025641025641,0.24454176186849455
bivar_poisson_expected_awmae,4,0.75,0.15,1.0,0.5,2.980544796401243,1.0204366590505205,0.11544808326986544,0.5964711855800965,0.2124904798172125
bivar_poisson_expected_awmae,4,1.0,0.1,1.0,0.0,2.9807860862929716,1.0177075399847677,0.10827621223660827,0.6004061944656004,0.20963442498095963
bivar_poisson_expected_awmae,4,0.0,0.0,0.0,0.25,2.9808161295913838,1.017897943640518,0.11760599136836761,0.5687991876110688,0.24193957857324194
bivar_poisson_expected_awmae,5,0.5,0.15,1.0,0.25,2.9810412662706134,1.015898705255141,0.11506727595836506,0.5968519928915968,0.2121096725057121
bivar_poisson_expected_awmae,4,0.75,0.06,1.0,0.0,2.9813429659299953,1.0187230261487688,0.10884742320385885,0.6009774054328509,0.2110941863417111
bivar_poisson_expected_awmae,5,0.5,0.1,1.0,0.5,2.981393603287053,1.0202779893373952,0.11582889058136583,0.5958999746128459,0.2133790302107134
bivar_poisson_expected_awmae,4,1.0,0.06,1.0,0.0,2.9815568522394647,1.0183739527798934,0.10802234069560802,0.6011043412033511,0.20938055343995937
bivar_poisson_expected_awmae,4,0.25,0.15,1.0,0.0,2.9815730902741446,1.0195163747143945,0.1085935516628586,0.5972328002030972,0.21255394770246255
bivar_poisson_expected_awmae,4,0.5,0.0,1.0,0.5,2.9818166975223477,1.022023356181772,0.11735211982736735,0.599009900990099,0.21433104848946433
bivar_poisson_expected_awmae,5,0.5,0.06,1.0,0.5,2.981837598546823,1.0204366590505205,0.11614623000761615,0.5965346534653465,0.2133790302107134
bivar_poisson_expected_awmae,5,1.0,0.0,1.0,0.25,2.9819038913159654,1.017072861132267,0.10973597359735973,0.6009139375476009,0.20912668189895914
bivar_poisson_expected_awmae,5,0.75,0.03,1.0,0.25,2.9820108711109032,1.0173902005585174,0.11125920284336126,0.6002157908098502,0.2107133790302107
bivar_poisson_expected_awmae,4,0.25,0.0,0.0,0.5,2.9820542864956523,1.0217694846407717,0.12223914699162224,0.5694973343488196,0.24352627570449353
bivar_poisson_expected_awmae,4,0.0,0.03,0.0,0.25,2.9820662639586386,1.0167555217060167,0.11836760599136836,0.5671490225945671,0.242003046458492
bivar_poisson_expected_awmae,5,0.25,0.1,1.0,0.25,2.9823998177276567,1.0174219345011424,0.11620969789286621,0.5972962680883473,0.21344249809596344
bivar_poisson_expected_awmae,4,0.0,0.15,0.0,0.25,2.9827560795396106,1.013042650418888,0.12014470677837015,0.5641660319878141,0.24225691799949226
bivar_poisson_expected_awmae,5,0.75,0.0,1.0,0.25,2.9828761817816347,1.0178662096978928,0.11087839553186088,0.6005965981213506,0.2107133790302107
bivar_poisson_expected_awmae,4,0.25,0.06,0.0,0.5,2.9831300365875193,1.0199606499111449,0.123000761614623,0.5682279766438182,0.24492256917999491
bivar_poisson_expected_awmae,4,0.5,0.15,1.0,0.5,2.9832579012828213,1.0215473470423966,0.11703478040111703,0.5957095709570958,0.2142041127189642
bivar_poisson_expected_awmae,5,0.25,0.15,1.0,0.5,2.9833543724730505,1.0203097232800202,0.11785986290936785,0.5947575526783447,0.2143945163747144
bivar_poisson_expected_awmae,5,0.25,0.06,1.0,0.5,2.983477176894618,1.0215790809850216,0.11659050520436659,0.5958999746128459,0.21350596598121352
bivar_poisson_expected_awmae,5,0.25,0.03,1.0,0.25,2.983546757409431,1.0184056867225184,0.11678090886011679,0.5992003046458492,0.2142041127189642
bivar_poisson_expected_awmae,4,0.25,0.0,1.0,0.25,2.983565728582192,1.0213886773292713,0.11582889058136583,0.5997080477278497,0.21350596598121352
bivar_poisson_expected_awmae,5,0.25,0.06,1.0,0.25,2.9835823361428044,1.018056613353643,0.11684437674536684,0.5983752221375984,0.21388677329271388
bivar_poisson_expected_awmae,5,0.25,0.1,1.0,0.5,2.983733319452492,1.0211665397308962,0.1169078446306169,0.5952652957603453,0.21344249809596344
bivar_poisson_expected_awmae,4,0.0,0.06,0.0,0.25,2.9838098848353347,1.0156765676567656,0.11893881695861894,0.566070068545316,0.2421934501142422
bivar_poisson_expected_awmae,4,0.5,0.15,1.0,0.0,2.9839642631831778,1.0188816958618938,0.1084031480071084,0.5973597359735974,0.21172886519421172
bivar_poisson_expected_awmae,4,0.5,0.06,1.0,0.0,2.9840694595608754,1.0200241177963951,0.10973597359735973,0.6001523229246002,0.21223660827621224
bivar_poisson_expected_awmae,5,0.0,0.03,1.0,0.5,2.984108713217935,1.022911906575273,0.11722518405686723,0.5962807819243463,0.2149022594567149
bivar_poisson_expected_awmae,4,0.25,0.1,1.0,0.25,2.9842807227639154,1.0202779893373952,0.11525767961411526,0.5971693323178472,0.21280781924346281
bivar_poisson_expected_awmae,4,0.25,0.03,0.0,0.5,2.9843000258070536,1.0217060167555216,0.12255648641787256,0.5688626554963189,0.24454176186849455
bivar_poisson_expected_awmae,4,0.5,0.1,1.0,0.0,2.9843352038483606,1.0198337141406448,0.10916476263010917,0.599009900990099,0.21223660827621224
bivar_poisson_expected_awmae,5,0.0,0.06,1.0,0.5,2.9843537169919867,1.0225628332063976,0.11773292713886774,0.5956461030718456,0.21464838791571464
bivar_poisson_expected_awmae,5,0.25,0.0,1.0,0.5,2.984359595629806,1.0221502919522722,0.11659050520436659,0.5972328002030972,0.21363290175171362
bivar_poisson_expected_awmae,4,1.0,0.03,1.0,0.0,2.9843904236637813,1.0194211728865195,0.10745112972835745,0.6009774054328509,0.20893627824320893
bivar_poisson_expected_awmae,5,0.0,0.0,1.0,0.5,2.984577614415965,1.023038842345773,0.1172886519421173,0.5964711855800965,0.21471185580096472
bivar_poisson_expected_awmae,4,0.25,0.15,1.0,0.25,2.984779069601364,1.0202779893373952,0.11538461538461539,0.5964077176948465,0.21344249809596344
bivar_poisson_expected_awmae,4,0.25,0.06,1.0,0.25,2.984898999946137,1.0204683929931455,0.11532114749936533,0.5975501396293476,0.21242701193196242
bivar_poisson_expected_awmae,4,0.5,0.03,1.0,0.5,2.984905248521325,1.0223724295506473,0.11697131251586697,0.5979944148260979,0.21388677329271388
bivar_poisson_expected_awmae,5,0.25,0.03,1.0,0.5,2.9850481255582118,1.0221502919522722,0.11665397308961666,0.5964711855800965,0.21344249809596344
bivar_poisson_expected_awmae,5,0.25,0.0,1.0,0.25,2.98517334052667,1.018976897689769,0.1164001015486164,0.5994541761868495,0.21318862655496318
bivar_poisson_expected_awmae,4,1.0,0.0,1.0,0.0,2.985177994951178,1.0197702462553948,0.10764153338410765,0.6013582127443513,0.20893627824320893
bivar_poisson_expected_awmae,4,0.25,0.1,1.0,0.0,2.9853594410511097,1.020912668189896,0.10884742320385885,0.5981848184818482,0.21255394770246255
bivar_poisson_expected_awmae,4,0.75,0.03,1.0,0.0,2.9853871636398828,1.0198654480832698,0.10878395531860878,0.6007870017771008,0.21096725057121096
bivar_poisson_expected_awmae,4,0.25,0.03,1.0,0.25,2.985421032686741,1.0213886773292713,0.11551155115511551,0.5987560294490988,0.2133155623254633
bivar_poisson_expected_awmae,4,0.25,0.1,0.0,0.5,2.9854595433902333,1.0191355674028941,0.12306422949987307,0.5663239400863164,0.24485910129474486
bivar_poisson_expected_awmae,4,0.0,0.1,1.0,0.25,2.986226550891644,1.0222137598375223,0.11627316577811628,0.597042396547347,0.21502919522721503
bivar_poisson_expected_awmae,4,0.0,0.03,1.0,0.25,2.986608923362,1.022118558009647,0.11659050520436659,0.5979309469408479,0.2143945163747144
bivar_poisson_expected_awmae,4,0.5,0.1,1.0,0.5,2.986625717822842,1.0222454937801473,0.11646356943386646,0.595963442498096,0.21363290175171362
bivar_poisson_expected_awmae,4,0.25,0.15,0.0,0.5,2.986761583536961,1.016914191419142,0.12414318354912414,0.5642929677583143,0.2454937801472455
bivar_poisson_expected_awmae,4,0.5,0.06,1.0,0.5,2.9870576431438556,1.0224676313785224,0.1169078446306169,0.5967885250063468,0.21414064483371414
bivar_poisson_expected_awmae,4,0.0,0.06,1.0,0.25,2.9871940273820585,1.0222137598375223,0.1164001015486164,0.5973597359735974,0.2145849200304646
bivar_poisson_expected_awmae,4,0.5,0.03,1.0,0.0,2.987310154854283,1.021007870017771,0.10916476263010917,0.6000253871541,0.21115765422696114
bivar_poisson_expected_awmae,4,0.25,0.06,1.0,0.5,2.9878361416836867,1.0235783193703987,0.11703478040111703,0.595963442498096,0.21395024117796396
bivar_poisson_expected_awmae,4,0.0,0.0,1.0,0.25,2.9879511399406584,1.0226897689768977,0.11684437674536684,0.5986290936785986,0.21477532368621477
bivar_poisson_expected_awmae,4,0.25,0.1,1.0,0.5,2.9880517193315166,1.0235148514851484,0.11766945925361767,0.5953922315308454,0.2145214521452145
bivar_poisson_expected_awmae,4,0.25,0.03,1.0,0.5,2.988240309201537,1.0242764661081494,0.11684437674536684,0.5969154607768469,0.21414064483371414
bivar_poisson_expected_awmae,5,0.0,0.15,1.0,0.5,2.988415969585083,1.022055090124397,0.11843107387661843,0.5938690022848438,0.21598121350596597
bivar_poisson_expected_awmae,4,0.5,0.0,1.0,0.0,2.9884636052022593,1.0216742828128966,0.10884742320385885,0.6003427265803504,0.2110941863417111
bivar_poisson_expected_awmae,4,0.25,0.06,1.0,0.0,2.988641295637908,1.0225628332063976,0.10878395531860878,0.5992637725310993,0.21274435135821274
bivar_poisson_expected_awmae,4,0.75,0.0,1.0,0.0,2.9887702345083453,1.0206905305915206,0.1084031480071084,0.6006600660066007,0.2098882965219599
bivar_poisson_expected_awmae,4,0.25,0.15,1.0,0.5,2.9888866604912034,1.0227532368621477,0.11855800964711856,0.5946940847930947,0.2156004061944656
bivar_poisson_expected_awmae,4,0.25,0.0,1.0,0.5,2.988910922422645,1.0242764661081494,0.11659050520436659,0.5972962680883473,0.21356943386646357
bivar_poisson_expected_awmae,5,0.0,0.1,1.0,0.5,2.9890553357547702,1.0226263010916476,0.11785986290936785,0.594059405940594,0.21483879157146485
bivar_poisson_expected_awmae,4,0.0,0.15,1.0,0.0,2.989802364057181,1.0217377506981467,0.11151307438436152,0.5974232038588474,0.2133790302107134
bivar_poisson_expected_awmae,4,0.25,0.03,1.0,0.0,2.9903006725983987,1.023038842345773,0.10865701954810866,0.5993272404163493,0.21172886519421172
bivar_poisson_expected_awmae,4,0.0,0.06,1.0,0.5,2.990661656744425,1.0255775577557755,0.11805026656511805,0.5958999746128459,0.21534653465346534
bivar_poisson_expected_awmae,5,0.5,0.15,1.0,0.0,2.9907656154170486,1.019008631632394,0.1066895151053567,0.5992003046458492,0.20944402132520945
bivar_poisson_expected_awmae,5,0.25,0.15,1.0,0.0,2.9909517643132957,1.0193577050012694,0.10656257933485656,0.5978674790555979,0.2103960396039604
bivar_poisson_expected_awmae,4,0.0,0.03,1.0,0.5,2.9910769682424614,1.026021832952526,0.11798679867986799,0.5962807819243463,0.2156004061944656
bivar_poisson_expected_awmae,5,0.0,0.0,1.0,0.25,2.991431808495782,1.0212300076161462,0.11671744097486672,0.5985656257933486,0.2133790302107134
bivar_poisson_expected_awmae,5,0.5,0.1,1.0,0.0,2.991567490079125,1.0201827875095202,0.10675298299060676,0.6004696623508504,0.20976136075145976
bivar_poisson_expected_awmae,5,0.0,0.15,1.0,0.25,2.9917193682294045,1.0208492003046459,0.11684437674536684,0.5960903782685961,0.21502919522721503
bivar_poisson_expected_awmae,4,0.0,0.0,1.0,0.5,2.9918760694234057,1.0263709063214013,0.11798679867986799,0.5969154607768469,0.2156004061944656
bivar_poisson_expected_awmae,5,0.75,0.15,1.0,0.0,2.9919159085695606,1.0199606499111449,0.10599136836760599,0.6005965981213506,0.20842853516120843
bivar_poisson_expected_awmae,4,0.0,0.1,1.0,0.0,2.991937968417355,1.023070576288398,0.11113226707286113,0.5981213505965981,0.2133155623254633
bivar_poisson_expected_awmae,5,0.0,0.03,1.0,0.25,2.99216401230634,1.021039603960396,0.11671744097486672,0.5978674790555979,0.21356943386646357
bivar_poisson_expected_awmae,5,0.0,0.1,1.0,0.25,2.9923455606954525,1.0214838791571466,0.11595582635186595,0.5965346534653465,0.21344249809596344
bivar_poisson_expected_awmae,4,0.0,0.15,1.0,0.25,2.9923956016185898,1.022118558009647,0.11620969789286621,0.5947575526783447,0.2145849200304646
bivar_poisson_expected_awmae,5,0.0,0.06,1.0,0.25,2.9925044178020985,1.0217377506981467,0.11627316577811628,0.5978040111703478,0.21395024117796396
bivar_poisson_expected_awmae,4,0.25,0.0,1.0,0.0,2.9932602143661766,1.023959126681899,0.10846661589235847,0.5995176440720995,0.21153846153846154
bivar_poisson_expected_awmae,5,0.0,0.03,0.0,0.5,2.9935251023678418,1.0177075399847677,0.12116019294237117,0.5615638486925616,0.24447829398324447
bivar_poisson_expected_awmae,5,0.0,0.0,0.0,0.5,2.9938077361892765,1.0186595582635187,0.12147753236862148,0.5628966742828129,0.24473216552424473
bivar_poisson_expected_awmae,5,0.75,0.1,1.0,0.0,2.993986689309171,1.0206587966488956,0.10618177202335619,0.6009774054328509,0.20804772784970804
bivar_poisson_expected_awmae,4,0.0,0.1,1.0,0.5,2.9942833134363394,1.0254188880426505,0.11836760599136836,0.5945036811373445,0.21547347042396547
bivar_poisson_expected_awmae,4,0.0,0.15,1.0,0.5,2.9944201968770234,1.0246890073622748,0.11957349581111958,0.593932470170094,0.21725057121096725
bivar_poisson_expected_awmae,5,0.25,0.1,1.0,0.0,2.9948050691377155,1.0212617415587713,0.10656257933485656,0.598946433104849,0.2107133790302107
bivar_poisson_expected_awmae,5,0.25,0.06,1.0,0.0,2.994850153461392,1.021896420411272,0.10681645087585681,0.6000253871541,0.21045950748921047
bivar_poisson_expected_awmae,4,0.0,0.06,1.0,0.0,2.994939828182093,1.024022594567149,0.11113226707286113,0.5985021579080985,0.21306169078446305
bivar_poisson_expected_awmae,5,0.75,0.06,1.0,0.0,2.9956807612135967,1.0210713379030212,0.10618177202335619,0.6011043412033511,0.2076034526529576
bivar_poisson_expected_awmae,5,0.5,0.06,1.0,0.0,2.9961078560454664,1.0214204112718963,0.107006854531607,0.6007235338918507,0.2095074892104595
bivar_poisson_expected_awmae,5,0.0,0.06,0.0,0.5,2.9970743822081913,1.0175171363290174,0.12147753236862148,0.5604848946433105,0.24492256917999491
bivar_poisson_expected_awmae,5,0.0,0.15,1.0,0.0,2.9974677423369043,1.0222454937801473,0.10757806549885758,0.5979309469408479,0.21166539730896167
bivar_poisson_expected_awmae,5,1.0,0.15,1.0,0.0,2.9978932143476795,1.021864686468647,0.10370652449860371,0.6005965981213506,0.20557248032495556
bivar_poisson_expected_awmae,5,0.75,0.03,1.0,0.0,2.9979712539692494,1.0216425488702716,0.10586443259710586,0.6012312769738513,0.20684183802995684
bivar_poisson_expected_awmae,5,0.25,0.03,1.0,0.0,2.9990234025965976,1.023102310231023,0.10681645087585681,0.60008885503935,0.21033257171871034
bivar_poisson_expected_awmae,4,0.0,0.03,1.0,0.0,2.9996361238741964,1.0257362274689008,0.11087839553186088,0.5986290936785986,0.212998222899213
bivar_poisson_expected_awmae,5,0.5,0.03,1.0,0.0,3.0001125109370017,1.0224358974358974,0.10694338664635694,0.6007235338918507,0.20906321401370906
bivar_poisson_expected_awmae,5,0.0,0.1,0.0,0.5,3.0001334162638065,1.0172632647880173,0.12192180756537192,0.5595328763645595,0.24504950495049505
bivar_poisson_expected_awmae,5,1.0,0.1,1.0,0.0,3.0004534766645037,1.0228167047473977,0.10383346026910384,0.6014851485148515,0.2051916730134552
bivar_poisson_expected_awmae,4,0.0,0.0,1.0,0.0,3.0013293365380047,1.0264661081492765,0.11119573495811119,0.5991368367605991,0.21312515866971313
bivar_poisson_expected_awmae,5,0.0,0.1,1.0,0.0,3.0019753135801497,1.0237052551408987,0.10745112972835745,0.5984386900228484,0.21096725057121096
bivar_poisson_expected_awmae,4,0.0,0.03,0.0,0.5,3.0020380167859617,1.0225628332063976,0.12173140390962173,0.5625158669713125,0.24523990860624523
bivar_poisson_expected_awmae,5,0.75,0.0,1.0,0.0,3.0022756480355373,1.0225310992637726,0.10554709317085555,0.6010408733181011,0.2060802234069561
bivar_poisson_expected_awmae,5,0.5,0.0,1.0,0.0,3.003598076080267,1.022943640517898,0.10745112972835745,0.6005965981213506,0.20861893881695862
bivar_poisson_expected_awmae,5,0.25,0.0,1.0,0.0,3.0036672867869414,1.0242764661081494,0.10637217567910637,0.6001523229246002,0.2095074892104595
bivar_poisson_expected_awmae,4,0.0,0.0,0.0,0.5,3.0042926817378937,1.024149530337649,0.1210967250571211,0.563087077938563,0.24492256917999491
bivar_poisson_expected_awmae,5,1.0,0.06,1.0,0.0,3.004498592093649,1.0237052551408987,0.10345265295760345,0.6012947448591013,0.20404925107895405
bivar_poisson_expected_awmae,5,0.0,0.15,0.0,0.5,3.0050429091022175,1.0163112465092663,0.12211221122112212,0.5575019040365575,0.244986037065245
bivar_poisson_expected_awmae,5,1.0,0.03,1.0,0.0,3.005242044064529,1.0238321909113988,0.10345265295760345,0.6011678090886011,0.20404925107895405
bivar_poisson_expected_awmae,4,0.0,0.06,0.0,0.5,3.005448336438897,1.0221502919522722,0.12198527545062199,0.5610561056105611,0.24511297283574512
bivar_poisson_expected_awmae,5,0.0,0.06,1.0,0.0,3.0061889083185886,1.0249111449606498,0.10770500126935771,0.5990733688753491,0.21064991114496065
bivar_poisson_expected_awmae,4,0.0,0.1,0.0,0.5,3.0071561088110452,1.0213569433866463,0.1224930185326225,0.55997715156131,0.24562071591774562
bivar_poisson_expected_awmae,5,0.0,0.03,1.0,0.0,3.007196732187597,1.0256092916984005,0.10757806549885758,0.5995176440720995,0.2105864432597106
bivar_poisson_expected_awmae,5,1.0,0.0,1.0,0.0,3.008443954160442,1.025006346788525,0.103008377760853,0.6011678090886011,0.2036049758822036
bivar_poisson_expected_awmae,5,0.0,0.0,1.0,0.0,3.0087071864244446,1.0258948971820259,0.10833968012185834,0.6000253871541,0.2109037826859609
bivar_poisson_expected_awmae,4,0.0,0.15,0.0,0.5,3.0130135543144085,1.0204366590505205,0.12242955064737243,0.5575019040365575,0.244986037065245
bivar_poisson_expected_awmae,5,0.75,0.15,1.75,0.5,3.0177077552116627,1.0254823559279005,0.1151942117288652,0.6005965981213506,0.20525514089870525
bivar_poisson_expected_awmae,5,0.5,0.15,1.75,0.5,3.018929944184499,1.0268469154607769,0.11474993653211475,0.6004061944656004,0.20582635186595583
bivar_poisson_expected_awmae,5,1.0,0.15,1.75,0.5,3.0191741684386564,1.0242129982228991,0.11487687230261488,0.6007235338918507,0.2051916730134552
bivar_poisson_expected_awmae,5,0.25,0.15,1.75,0.5,3.019939659016656,1.0282749428789033,0.11551155115511551,0.6002157908098502,0.20665143437420666
bivar_poisson_expected_awmae,5,0.5,0.1,1.75,0.5,3.020470956268265,1.0275133282559026,0.11443259710586444,0.6007235338918507,0.2056994160954557
bivar_poisson_expected_awmae,5,0.5,0.06,1.75,0.5,3.020728129828059,1.0275450621985276,0.11525767961411526,0.6012312769738513,0.206016755521706
bivar_poisson_expected_awmae,5,0.25,0.1,1.75,0.5,3.021205000550097,1.0287826859609037,0.11525767961411526,0.6007870017771008,0.20614369129220614
bivar_poisson_expected_awmae,5,0.75,0.1,1.75,0.5,3.0216252927324607,1.0261805026656512,0.11551155115511551,0.6006600660066007,0.2051916730134552
bivar_poisson_expected_awmae,4,0.75,0.15,1.75,0.5,3.0220342842692562,1.0275133282559026,0.11487687230261488,0.6004696623508504,0.205001269357705
bivar_poisson_expected_awmae,5,0.5,0.03,1.75,0.5,3.0225261192023622,1.027894135567403,0.11487687230261488,0.6012312769738513,0.20512820512820512
bivar_poisson_expected_awmae,4,0.75,0.1,1.75,0.5,3.0232013587024986,1.0282749428789033,0.11449606499111449,0.6008504696623509,0.2043031226199543
bivar_poisson_expected_awmae,5,0.0,0.15,1.75,0.5,3.0233237604263388,1.0307501904036558,0.11614623000761615,0.6001523229246002,0.20836506727595835
bivar_poisson_expected_awmae,5,1.0,0.1,1.75,0.5,3.0233411766781453,1.0255458238131505,0.11481340441736482,0.6016755521706016,0.20512820512820512
bivar_poisson_expected_awmae,4,0.5,0.06,1.75,0.5,3.023457602627512,1.0295443005839044,0.1151942117288652,0.6012947448591013,0.20544554455445543
bivar_poisson_expected_awmae,4,0.5,0.1,1.75,0.5,3.02347887555657,1.0294808326986544,0.11481340441736482,0.6006600660066007,0.2056994160954557
bivar_poisson_expected_awmae,4,1.0,0.0,1.75,0.5,3.0235086547108128,1.0271642548870272,0.11290936785986291,0.6021832952526022,0.20157400355420158
bivar_poisson_expected_awmae,4,0.5,0.15,1.75,0.5,3.0235544035650688,1.029163493272404,0.11487687230261488,0.6003427265803504,0.20620715917745622
bivar_poisson_expected_awmae,4,1.0,0.06,1.75,0.5,3.0237206873070566,1.0277354658542777,0.11329017517136329,0.602056359482102,0.20303376491495304
bivar_poisson_expected_awmae,5,0.75,0.06,1.75,0.5,3.0237360263618993,1.026910383346027,0.1151942117288652,0.6013582127443513,0.20474739781670476
bivar_poisson_expected_awmae,4,1.0,0.1,1.75,0.5,3.023936624337553,1.0275450621985276,0.11367098248286367,0.6018024879411018,0.2037953795379538
bivar_poisson_expected_awmae,4,1.0,0.03,1.75,0.5,3.02394278917142,1.027798933739528,0.11278243208936278,0.6023102310231023,0.2023990860624524
bivar_poisson_expected_awmae,5,1.0,0.06,1.75,0.5,3.023954922275124,1.0257996953541508,0.11424219345011424,0.6017390200558518,0.20423965473470423
bivar_poisson_expected_awmae,4,0.25,0.15,1.75,0.5,3.0239617525719837,1.0304011170347804,0.11582889058136583,0.6002157908098502,0.20658796648895658
bivar_poisson_expected_awmae,4,1.0,0.15,1.75,0.5,3.024006213872663,1.0271325209444022,0.11367098248286367,0.6006600660066007,0.20373191165270374
bivar_poisson_expected_awmae,5,0.25,0.06,1.75,0.5,3.0245154768896905,1.0296712363544047,0.11474993653211475,0.6008504696623509,0.20595328763645596
bivar_poisson_expected_awmae,5,0.75,0.03,1.75,0.5,3.0245198158620887,1.0274815943132776,0.11506727595836506,0.6014851485148515,0.20455699416095455
bivar_poisson_expected_awmae,5,1.0,0.03,1.75,0.5,3.0246936414818117,1.0261170347804012,0.11367098248286367,0.601929423711602,0.20347804011170348
bivar_poisson_expected_awmae,4,1.0,0.15,1.75,0.25,3.024938021446763,1.0263074384361512,0.10878395531860878,0.6018024879411018,0.20036811373445038
bivar_poisson_expected_awmae,4,0.75,0.15,1.75,0.25,3.0251004062676023,1.0266882457476516,0.10967250571210967,0.6007870017771008,0.2013835998984514
bivar_poisson_expected_awmae,4,0.5,0.03,1.75,0.5,3.025279063074732,1.0297347042396547,0.11506727595836506,0.6011043412033511,0.20474739781670476
bivar_poisson_expected_awmae,5,1.0,0.0,1.75,0.5,3.0253524561081666,1.0263074384361512,0.1136075145976136,0.6021198273673521,0.2030972328002031
bivar_poisson_expected_awmae,4,0.75,0.06,1.75,0.5,3.0254233933564185,1.028909621731404,0.11487687230261488,0.6014851485148515,0.20443005839045442
bivar_poisson_expected_awmae,4,0.5,0.0,1.75,0.5,3.025573875170589,1.0295125666412794,0.11462300076161462,0.6011043412033511,0.20398578319370397
bivar_poisson_expected_awmae,5,0.5,0.0,1.75,0.5,3.0257613454895766,1.0284336125920284,0.11474993653211475,0.6009139375476009,0.2044935262757045
bivar_poisson_expected_awmae,5,0.0,0.1,1.75,0.5,3.026370160355326,1.0316070068545315,0.11532114749936533,0.6004061944656004,0.20684183802995684
bivar_poisson_expected_awmae,5,0.25,0.03,1.75,0.5,3.0264278886723956,1.030052043665905,0.11474993653211475,0.6011043412033511,0.20582635186595583
bivar_poisson_expected_awmae,5,0.75,0.0,1.75,0.5,3.026818314045726,1.028021071337903,0.11474993653211475,0.6014851485148515,0.20404925107895405
bivar_poisson_expected_awmae,4,0.75,0.03,1.75,0.5,3.027136291182095,1.0293221629855294,0.11443259710586444,0.6013582127443513,0.20404925107895405
bivar_poisson_expected_awmae,4,0.25,0.1,1.75,0.5,3.0273982544550764,1.0315752729119065,0.11525767961411526,0.6006600660066007,0.20646103071845645
bivar_poisson_expected_awmae,4,0.0,0.15,1.75,0.5,3.0277481474907177,1.0327494287890326,0.11608276212236608,0.6001523229246002,0.20741304899720742
bivar_poisson_expected_awmae,5,0.0,0.06,1.75,0.5,3.0282249364391753,1.0317339426250318,0.11614623000761615,0.6010408733181011,0.2070957095709571
bivar_poisson_expected_awmae,4,0.75,0.0,1.75,0.5,3.028290403111705,1.0296712363544047,0.11405178979436405,0.6015486164001016,0.20335110434120335
bivar_poisson_expected_awmae,5,0.25,0.0,1.75,0.5,3.02943104236084,1.0305915206905305,0.11462300076161462,0.6007870017771008,0.2055090124397055
bivar_poisson_expected_awmae,4,0.5,0.15,1.75,0.25,3.029468353828251,1.027989337395278,0.11208428535161208,0.6000253871541,0.2032876364559533
bivar_poisson_expected_awmae,4,0.0,0.1,1.75,0.5,3.0295252664882977,1.0332889058136583,0.1157019548108657,0.6004696623508504,0.2067783701447068
bivar_poisson_expected_awmae,5,0.75,0.15,1.75,0.25,3.029589411946378,1.0255775577557755,0.10960903782685961,0.6011678090886011,0.19992383853769993
bivar_poisson_expected_awmae,4,0.25,0.15,1.75,0.25,3.0296343194483595,1.0296077684691547,0.11278243208936278,0.6005331302361006,0.2048743335872049
bivar_poisson_expected_awmae,4,0.75,0.06,1.75,0.25,3.029638110400706,1.0284018786494034,0.10954556994160955,0.6018024879411018,0.2003046458492003
bivar_poisson_expected_awmae,4,0.75,0.1,1.75,0.25,3.0296941736662863,1.0281797410510283,0.10954556994160955,0.6016120842853516,0.2006854531607007
bivar_poisson_expected_awmae,4,0.25,0.06,1.75,0.5,3.0298114340083426,1.0318608783955319,0.11513074384361513,0.6007870017771008,0.2056994160954557
bivar_poisson_expected_awmae,4,0.0,0.06,1.75,0.5,3.0300084790213133,1.033066768215283,0.11601929423711602,0.6008504696623509,0.20658796648895658
bivar_poisson_expected_awmae,4,1.0,0.1,1.75,0.25,3.0303762497899713,1.0277354658542777,0.10846661589235847,0.601992891596852,0.19928915968519928
bivar_poisson_expected_awmae,4,0.5,0.1,1.75,0.25,3.030728219239724,1.0283066768215283,0.11195734958111196,0.6009774054328509,0.20277989337395277
bivar_poisson_expected_awmae,4,0.25,0.03,1.75,0.5,3.030952768836026,1.0321464838791572,0.11494034018786493,0.6009139375476009,0.20538207666920538
bivar_poisson_expected_awmae,4,0.75,0.03,1.75,0.25,3.0310492507312525,1.0286874841330287,0.10916476263010917,0.6018659558263518,0.1994160954556994
bivar_poisson_expected_awmae,5,1.0,0.15,1.75,0.25,3.031440029461427,1.0257996953541508,0.10833968012185834,0.601992891596852,0.19852754506219852
bivar_poisson_expected_awmae,5,0.0,0.03,1.75,0.5,3.0319990406428396,1.0323368875349073,0.11589235846661589,0.6006600660066007,0.20658796648895658
bivar_poisson_expected_awmae,5,0.75,0.1,1.75,0.25,3.032401244232102,1.0265613099771516,0.10922823051535922,0.601992891596852,0.1994795633409495
bivar_poisson_expected_awmae,4,0.75,0.0,1.75,0.25,3.0326038812088076,1.0293538969281544,0.10948210205635948,0.6023102310231023,0.1994160954556994
bivar_poisson_expected_awmae,4,0.5,0.15,1.75,0.0,3.0326237297570033,1.0277037319116527,0.10599136836760599,0.6006600660066007,0.1985910129474486
bivar_poisson_expected_awmae,4,1.0,0.06,1.75,0.25,3.0326349742413083,1.028148007108403,0.10884742320385885,0.602056359482102,0.19935262757044936
bivar_poisson_expected_awmae,4,0.0,0.03,1.75,0.5,3.03279366462311,1.0336379791825336,0.11589235846661589,0.6005331302361006,0.20633409494795632
bivar_poisson_expected_awmae,4,1.0,0.15,1.75,0.0,3.0328984421763083,1.0264661081492765,0.10643564356435643,0.6021198273673521,0.19763899466869764
bivar_poisson_expected_awmae,4,0.75,0.15,1.75,0.0,3.0329352540367824,1.0274815943132776,0.10662604722010663,0.6018659558263518,0.19916222391469915
bivar_poisson_expected_awmae,4,0.25,0.15,1.75,0.0,3.0330916766455496,1.0293538969281544,0.10662604722010663,0.6007870017771008,0.20106626047220105
bivar_poisson_expected_awmae,4,0.25,0.0,1.75,0.5,3.033171449193607,1.0324955572480325,0.11462300076161462,0.6004696623508504,0.2048108657019548
bivar_poisson_expected_awmae,5,0.5,0.15,1.75,0.25,3.0334263277552203,1.0271959888296522,0.11068799187611068,0.6002157908098502,0.2017009393247017
bivar_poisson_expected_awmae,5,0.0,0.0,1.75,0.5,3.0334375642534823,1.0325272911906576,0.11614623000761615,0.6004696623508504,0.20620715917745622
bivar_poisson_expected_awmae,4,0.0,0.15,1.75,0.25,3.0336147112952343,1.0313214013709062,0.11335364305661336,0.59996191926885,0.2055090124397055
bivar_poisson_expected_awmae,5,0.75,0.06,1.75,0.25,3.0344266396817523,1.026910383346027,0.10897435897435898,0.6018659558263518,0.19878141660319879
bivar_poisson_expected_awmae,4,0.25,0.1,1.75,0.25,3.035101671236715,1.0309405940594059,0.11246509266311247,0.6007235338918507,0.2037953795379538
bivar_poisson_expected_awmae,4,0.0,0.0,1.75,0.5,3.035126487302529,1.034018786494034,0.11595582635186595,0.6004696623508504,0.20614369129220614
bivar_poisson_expected_awmae,5,0.5,0.1,1.75,0.25,3.035129883635504,1.0274498603706526,0.11068799187611068,0.6011043412033511,0.20087585681645087
bivar_poisson_expected_awmae,4,0.5,0.06,1.75,0.25,3.0355589974981334,1.0296395024117797,0.11113226707286113,0.6006600660066007,0.20163747143945163
bivar_poisson_expected_awmae,5,0.0,0.15,1.75,0.25,3.0356388543976403,1.0292269611576543,0.1136075145976136,0.60008885503935,0.20385884742320387
bivar_poisson_expected_awmae,4,0.5,0.03,1.75,0.25,3.035688344481169,1.0297664381822798,0.1104975882203605,0.6013582127443513,0.20106626047220105
bivar_poisson_expected_awmae,4,1.0,0.03,1.75,0.25,3.035863327371612,1.029036557501904,0.1085935516628586,0.6025006346788525,0.19878141660319879
bivar_poisson_expected_awmae,4,0.0,0.1,1.75,0.25,3.0364285128161232,1.0318608783955319,0.11386138613861387,0.6007235338918507,0.20531860878395533
bivar_poisson_expected_awmae,5,0.5,0.06,1.75,0.25,3.0370693763981365,1.028021071337903,0.1103071845646103,0.6013582127443513,0.20043158161970043
bivar_poisson_expected_awmae,5,1.0,0.1,1.75,0.25,3.0373902241535187,1.0274815943132776,0.10764153338410765,0.602056359482102,0.19782939832444782
bivar_poisson_expected_awmae,4,1.0,0.0,1.75,0.25,3.037533299971994,1.0294808326986544,0.10853008377760853,0.6027545062198527,0.19884488448844884
bivar_poisson_expected_awmae,5,0.25,0.15,1.75,0.25,3.037807166569476,1.0295443005839044,0.11183041381061183,0.6002157908098502,0.2025894897182026
bivar_poisson_expected_awmae,4,0.5,0.0,1.75,0.25,3.037827205120173,1.0306867225184058,0.10998984513835999,0.6015486164001016,0.2003046458492003
bivar_poisson_expected_awmae,4,0.5,0.1,1.75,0.0,3.0380894091225445,1.028973089616654,0.10643564356435643,0.6010408733181011,0.1985910129474486
bivar_poisson_expected_awmae,5,0.75,0.03,1.75,0.25,3.0382523630175173,1.0285288144199036,0.10814927646610815,0.6021832952526022,0.1982102056359482
bivar_poisson_expected_awmae,4,0.75,0.1,1.75,0.0,3.03873000409536,1.0292904290429044,0.10643564356435643,0.6023102310231023,0.19878141660319879
bivar_poisson_expected_awmae,4,0.0,0.15,1.75,0.0,3.038787666767483,1.0314800710840315,0.10764153338410765,0.6001523229246002,0.2025260218329525
bivar_poisson_expected_awmae,4,1.0,0.1,1.75,0.0,3.0388767661593863,1.0287192180756537,0.10542015740035542,0.6022467631378522,0.19656004061944657
bivar_poisson_expected_awmae,5,0.5,0.03,1.75,0.25,3.0395294385814626,1.0292586951002793,0.10935516628585935,0.6016755521706016,0.1997969027671998
bivar_poisson_expected_awmae,5,1.0,0.06,1.75,0.25,3.0396512620430696,1.028116273165778,0.10757806549885758,0.6025641025641025,0.19744859101294746
bivar_poisson_expected_awmae,4,0.25,0.1,1.75,0.0,3.040021889367558,1.0309723280020309,0.10662604722010663,0.6012312769738513,0.19998730642294998
bivar_poisson_expected_awmae,5,1.0,0.03,1.75,0.25,3.040609980593786,1.0283701447067783,0.10757806549885758,0.6025641025641025,0.19706778370144706
bivar_poisson_expected_awmae,4,0.75,0.06,1.75,0.0,3.0407580730375425,1.0303376491495304,0.10573749682660574,0.6022467631378522,0.19738512312769738
bivar_poisson_expected_awmae,5,0.0,0.1,1.75,0.25,3.040782019323378,1.0306232546331555,0.11329017517136329,0.6005331302361006,0.20322416857070322
bivar_poisson_expected_awmae,5,0.75,0.0,1.75,0.25,3.0408073939532128,1.0293538969281544,0.10802234069560802,0.6025641025641025,0.19776593043919777
bivar_poisson_expected_awmae,4,0.5,0.06,1.75,0.0,3.040821993628143,1.03008377760853,0.10637217567910637,0.6016755521706016,0.1987179487179487
bivar_poisson_expected_awmae,4,0.25,0.06,1.75,0.25,3.040968981293414,1.0322099517644072,0.11246509266311247,0.6004061944656004,0.20341457222645343
bivar_poisson_expected_awmae,5,0.25,0.1,1.75,0.25,3.0417587810180655,1.0304645849200305,0.11227468900736227,0.6006600660066007,0.20233561817720233
bivar_poisson_expected_awmae,4,0.0,0.06,1.75,0.25,3.042844139118333,1.0334475755267833,0.11341711094186342,0.6004061944656004,0.20455699416095455
bivar_poisson_expected_awmae,5,0.5,0.0,1.75,0.25,3.042892587159194,1.0302107133790301,0.10865701954810866,0.6017390200558518,0.1990987560294491
bivar_poisson_expected_awmae,4,0.5,0.03,1.75,0.0,3.042901844080826,1.0311309977151562,0.10618177202335619,0.602056359482102,0.19890835237369892
bivar_poisson_expected_awmae,4,1.0,0.06,1.75,0.0,3.0430525647327133,1.030052043665905,0.10516628585935517,0.6026275704493527,0.19617923330794618
bivar_poisson_expected_awmae,4,0.75,0.03,1.75,0.0,3.0431490393263583,1.0309088601167808,0.10567402894135568,0.6023736989083524,0.197004315816197
bivar_poisson_expected_awmae,4,0.0,0.1,1.75,0.0,3.0438602327504567,1.0328128966742829,0.107006854531607,0.6004696623508504,0.20043158161970043
bivar_poisson_expected_awmae,5,1.0,0.0,1.75,0.25,3.0441301574084045,1.029068291444529,0.10732419395785732,0.6025641025641025,0.19611576542269613
bivar_poisson_expected_awmae,4,0.25,0.06,1.75,0.0,3.0441330788281773,1.0317656765676568,0.10624523990860625,0.6009774054328509,0.19884488448844884
bivar_poisson_expected_awmae,5,0.0,0.06,1.75,0.25,3.0442116432269266,1.0312896674282812,0.11348057882711349,0.6004696623508504,0.2025894897182026
bivar_poisson_expected_awmae,4,0.25,0.0,1.75,0.25,3.045170478413085,1.033828382838284,0.11176694592536177,0.6007870017771008,0.20246255394770246
bivar_poisson_expected_awmae,4,1.0,0.03,1.75,0.0,3.0457040827182107,1.0308453922315308,0.10522975374460523,0.6027545062198527,0.19617923330794618
bivar_poisson_expected_awmae,4,0.75,0.0,1.75,0.0,3.045914005932127,1.0320512820512822,0.1052932216298553,0.6026275704493527,0.19662350850469662
bivar_poisson_expected_awmae,4,0.0,0.03,1.75,0.25,3.0461272957063668,1.0346217314039097,0.1130997715156131,0.6005965981213506,0.20385884742320387
bivar_poisson_expected_awmae,4,0.25,0.03,1.75,0.25,3.046172994284557,1.033860116780909,0.11157654226961157,0.6002792586951002,0.20265295760345264
bivar_poisson_expected_awmae,5,0.25,0.06,1.75,0.25,3.046535286828905,1.0317022086824068,0.11144960649911145,0.6003427265803504,0.20157400355420158
bivar_poisson_expected_awmae,4,0.25,0.03,1.75,0.0,3.04672345338827,1.0325907590759076,0.1064991114496065,0.6011678090886011,0.19833714140644834
bivar_poisson_expected_awmae,4,0.5,0.0,1.75,0.0,3.047334938547492,1.0323686214775323,0.10580096471185581,0.6021198273673521,0.1982102056359482
bivar_poisson_expected_awmae,4,0.25,0.0,1.75,0.0,3.0476463123374797,1.033098502157908,0.10675298299060676,0.6018024879411018,0.1985910129474486
bivar_poisson_expected_awmae,5,0.25,0.03,1.75,0.25,3.048070618966073,1.031956080223407,0.11176694592536177,0.6006600660066007,0.20157400355420158
bivar_poisson_expected_awmae,4,0.0,0.06,1.75,0.0,3.0482094053608413,1.0337966488956587,0.1071972581873572,0.6006600660066007,0.2006854531607007
bivar_poisson_expected_awmae,5,0.0,0.03,1.75,0.25,3.0485391583148034,1.0325590251332826,0.11271896420411272,0.6004061944656004,0.20227215029195228
bivar_poisson_expected_awmae,4,1.0,0.0,1.75,0.0,3.048601677792334,1.0321147499365322,0.10453160700685453,0.6028814419903529,0.19522721502919524
bivar_poisson_expected_awmae,4,0.0,0.0,1.75,0.25,3.0493908816106154,1.03506600660066,0.11278243208936278,0.6002792586951002,0.20316070068545317
bivar_poisson_expected_awmae,5,0.0,0.15,1.75,0.0,3.0496685589796297,1.0325272911906576,0.1063087077938563,0.6005965981213506,0.20271642548870272
bivar_poisson_expected_awmae,5,0.0,0.0,1.75,0.25,3.0506493943609585,1.0333523736989083,0.11214775323686214,0.6003427265803504,0.2018913429804519
bivar_poisson_expected_awmae,5,0.5,0.15,1.75,0.0,3.050703832854166,1.0321782178217822,0.10415079969535415,0.6015486164001016,0.19916222391469915
bivar_poisson_expected_awmae,5,0.25,0.0,1.75,0.25,3.050881733595435,1.032939832444783,0.11138613861386139,0.6008504696623509,0.20132013201320131
bivar_poisson_expected_awmae,4,0.0,0.03,1.75,0.0,3.0511667606363546,1.0345265295760346,0.10694338664635694,0.6009139375476009,0.20005077430820006
bivar_poisson_expected_awmae,5,0.75,0.15,1.75,0.0,3.0522379281768672,1.0324003554201573,0.10389692815435389,0.6024371667936025,0.19776593043919777
bivar_poisson_expected_awmae,5,0.25,0.15,1.75,0.0,3.0525768544616056,1.0327811627316579,0.10446813912160446,0.6005331302361006,0.1994795633409495
bivar_poisson_expected_awmae,4,0.0,0.0,1.75,0.0,3.0543822174843185,1.035097740543285,0.10732419395785732,0.6007870017771008,0.19973343488194972
bivar_poisson_expected_awmae,5,0.5,0.1,1.75,0.0,3.055614809555505,1.0337331810104087,0.10376999238385377,0.601992891596852,0.19833714140644834
bivar_poisson_expected_awmae,5,0.0,0.1,1.75,0.0,3.0587552420991186,1.0346217314039097,0.10554709317085555,0.6007235338918507,0.20036811373445038
bivar_poisson_expected_awmae,5,0.75,0.1,1.75,0.0,3.0599156726793697,1.0342091901497843,0.10357958872810358,0.6023102310231023,0.19611576542269613
bivar_poisson_expected_awmae,5,0.25,0.1,1.75,0.0,3.061377874008511,1.0352881441990354,0.10364305661335364,0.6010408733181011,0.19782939832444782
bivar_poisson_expected_awmae,5,0.5,0.06,1.75,0.0,3.0636080479095975,1.0355102817974104,0.1033891850723534,0.601992891596852,0.19643310484894644
bivar_poisson_expected_awmae,5,0.25,0.06,1.75,0.0,3.0658824451257733,1.0358910891089108,0.10427773546585428,0.6012947448591013,0.19694084793094693
bivar_poisson_expected_awmae,5,0.0,0.06,1.75,0.0,3.066318045984684,1.0372556486417872,0.10478547854785479,0.6009139375476009,0.19846407717694847
bivar_poisson_expected_awmae,5,0.75,0.06,1.75,0.0,3.0670148890647955,1.0358593551662858,0.1033891850723534,0.6021198273673521,0.19427519675044427
bivar_poisson_expected_awmae,5,1.0,0.15,1.75,0.0,3.067036844816198,1.0359228230515358,0.10288144199035289,0.602056359482102,0.1963061690784463
bivar_poisson_expected_awmae,5,0.25,0.03,1.75,0.0,3.067110879134407,1.0366527037319118,0.10408733181010409,0.602056359482102,0.19662350850469662
bivar_poisson_expected_awmae,5,0.0,0.03,1.75,0.0,3.0679350670597536,1.0374460522975375,0.10554709317085555,0.6011043412033511,0.1982102056359482
bivar_poisson_expected_awmae,5,0.5,0.03,1.75,0.0,3.0692444063643487,1.0367479055597868,0.10345265295760345,0.601992891596852,0.19535415079969534
bivar_poisson_expected_awmae,5,0.0,0.0,1.75,0.0,3.070195850957531,1.0383346026910383,0.1052932216298553,0.6014216806296014,0.19782939832444782
bivar_poisson_expected_awmae,5,0.75,0.03,1.75,0.0,3.070600616463364,1.0370969789286621,0.1031987814166032,0.6025006346788525,0.194021325209444
bivar_poisson_expected_awmae,5,0.25,0.0,1.75,0.0,3.070998939411306,1.0374777862401625,0.10427773546585428,0.6021832952526022,0.1963061690784463
bivar_poisson_expected_awmae,5,0.5,0.0,1.75,0.0,3.0722489093225582,1.0376681898959126,0.10357958872810358,0.601992891596852,0.19503681137344503
bivar_poisson_expected_awmae,5,0.75,0.0,1.75,0.0,3.075018047299638,1.0386519421172886,0.10294490987560294,0.6026910383346027,0.19395785732419396
bivar_poisson_expected_awmae,5,1.0,0.1,1.75,0.0,3.0754217327700473,1.0381441990352882,0.10313531353135313,0.6023102310231023,0.19535415079969534
bivar_poisson_expected_awmae,5,1.0,0.06,1.75,0.0,3.0776996123907914,1.039001015486164,0.10275450621985276,0.6028179741051028,0.1940847930946941
bivar_poisson_expected_awmae,5,1.0,0.03,1.75,0.0,3.0813093304974752,1.0403973089616654,0.10161208428535161,0.6027545062198527,0.1928789032749429
bivar_poisson_expected_awmae,5,1.0,0.0,1.75,0.0,3.0826853844615805,1.0405877126174157,0.10205635948210205,0.603008377760853,0.19294237116019294
